Do you agree to participate in this survey?,Age group,Gender,University,Field of study,Year of study,What is your approximate monthly family income?,Current GPA,"Compared to your classmates, how would you describe your academic performance in your most recent semester?",How many courses/modules are you currently registered for this semester?,"On average, how many assignments do you receive per week?",How often do you feel  stressed  by your academic workload?,"How would you rate your overall academic workload this semester?
(Consider lectures, assignments, exams, and projects together.)",How often do you submit your assignments on time?,"On average, how many hours do you spend completing one assignment?",How many days before an exam do you usually start preparing?,"On average, how many hours per week do you spend on self-study outside of scheduled lectures?","On average, how many hours per week do you spend in scheduled academic activities?",What is your approximate attendance percentage for all scheduled academic activities this semester?,Do you currently have a part-time job while studying?,"On average, how many hours per week do you work in your part-time job(s)?",What is your main reason for working part-time?,How does your part-time job affect your academic studies?,What type of part-time job do you have?,How would you rate your time management skills?,How would you rate your motivation to study?,"On average, how many hours of sleep do you get per night?",How often do you feel stressed about your academic work?,How would you rate the level of support you receive from your family for your studies?,Do you have reliable access to the following for your studies? (Select all that apply),How much time do you spend travel time from home  to university per day (one way)?,label,workload_num,assign_num,study_num,work_num,attend_num
"Yes, I agree",24-26,Female,Horizon Campus,IT / Computer Science,Year 4,"LKR 50,000 – 100,000",2.00 – 2.49,Much below average,4–5 courses,2–3 assignments,Sometimes,Light,Most of the time (75–99%),2–5 hours,1–3 days before,Less than 5 hours,10–15 hours,50–69%,Yes,16–20 hours,Financial support for family,No impact,Office / Clerical work,Good,High,4–5 hours,Sometimes,Low,Quiet study space,1–2 hours,0,2,2,2.5,18.0,60
"Yes, I agree",21-23,Female,Horizon Campus,Science,Year 3,"LKR 100,001 – 200,000",3.00 – 3.49,About average,6–7 courses,2–3 assignments,Sometimes,Moderate,Most of the time (75–99%),2–5 hours,7–14 days before,11–15 hours,More than 25 hours,70–79%,No,Not applicable (I do not have a job),Not applicable (I do not have a job),Not applicable (I do not have a job),Not applicable(I do not have a job),Average,Moderate,6–7 hours,Sometimes,Moderate,Stable internet connection;Personal laptop / computer;Quiet study space;Required textbooks,I stay at the university hostel / near campus,1,3,2,13.0,0.0,75
"Yes, I agree",24-26,Female,University of Kelaniya,IT / Computer Science,Year 4,"LKR 100,001 – 200,000",3.50 – 4.00,Slightly better than average,4–5 courses,2–3 assignments,Often,Heavy,Most of the time (75–99%),2–5 hours,1–3 days before,Less than 5 hours,Less than 10 hours,Below 50%,Yes,More than 30 hours,Work experience,Slightly negative impact,Office / Clerical work,Average,Moderate,6–7 hours,Often,High,Stable internet connection;Personal laptop / computer;Quiet study space;Required textbooks,I stay at the university hostel / near campus,1,4,2,2.5,35.0,25
"Yes, I agree",24-26,Female,Other,Business / Management,Year 3,"LKR 50,000 – 100,000",2.50 – 2.99,About average,4–5 courses,2–3 assignments,Sometimes,Moderate,Most of the time (75–99%),6–10 hours,More than 14 days before,5–10 hours,10–15 hours,70–79%,Yes,21–30 hours,Work experience,Very positive impact,Office / Clerical work,Average,Moderate,6–7 hours,Sometimes,Moderate,Personal laptop / computer,Less than 30 minutes,0,3,2,7.5,25.5,75
"Yes, I agree",24-26,Female,Horizon Campus,IT / Computer Science,Year 4,"Below LKR 50,000",2.50 – 2.99,Much better than average,1–3 courses,6 or more assignments,Always,Moderate,Always (100%),More than 15 hours,7–14 days before,5–10 hours,16–20 hours,90–100%,Yes,More than 30 hours,Financial support for studies,Slightly negative impact,Tutoring / Teaching,Good,High,4–5 hours,Often,Moderate,Stable internet connection;Personal laptop / computer;Quiet study space;Required textbooks,More than 2 hours,0,3,4,7.5,35.0,95
"Yes, I agree",21-23,Female,Horizon Campus,Business / Management,Year 3,Prefer not to say,Below 2.00,About average,6–7 courses,4–5 assignments,Often,Heavy,Always (100%),2–5 hours,1–3 days before,Less than 5 hours,10–15 hours,70–79%,No,Less than 10 hours,Financial support for studies;Personal expenses;Work experience,No impact,Not applicable(I do not have a job),Good,Moderate,Less than 4 hours,Sometimes,Very high,Stable internet connection,Less than 30 minutes,0,4,3,2.5,0.0,75
"Yes, I agree",21-23,Female,Horizon Campus,Business / Management,Year 2,"LKR 100,001 – 200,000",Below 2.00,Much better than average,4–5 courses,6 or more assignments,Sometimes,Heavy,Almost never (below 25%),More than 15 hours,1–3 days before,16–20 hours,21–25 hours,90–100%,Yes,21–30 hours,Work experience;Other;Not applicable (I do not have a job),Very positive impact,Freelance / Online work,Good,Moderate,More than 9 hours,Always,Moderate,Required textbooks,1–2 hours,0,4,4,18.0,25.5,95
"Yes, I agree",24-26,Female,Horizon Campus,IT / Computer Science,Year 4,"LKR 50,000 – 100,000",2.50 – 2.99,Slightly better than average,4–5 courses,4–5 assignments,Often,Heavy,Most of the time (75–99%),6–10 hours,7–14 days before,Less than 5 hours,Less than 10 hours,80–89%,No,Not applicable (I do not have a job),Not applicable (I do not have a job),Not applicable (I do not have a job),Not applicable(I do not have a job),Good,Moderate,6–7 hours,Sometimes,Moderate,Stable internet connection;Personal laptop / computer;Quiet study space,30–60 minutes,0,4,3,2.5,0.0,85
"Yes, I agree",21-23,Female,Horizon Campus,IT / Computer Science,Year 2,"LKR 50,000 – 100,000",2.50 – 2.99,Much better than average,6–7 courses,2–3 assignments,Sometimes,Moderate,Always (100%),2–5 hours,7–14 days before,Less than 5 hours,10–15 hours,90–100%,No,Not applicable (I do not have a job),Not applicable (I do not have a job),Not applicable (I do not have a job),Not applicable(I do not have a job),Good,Moderate,6–7 hours,Sometimes,High,Stable internet connection;Personal laptop / computer;Quiet study space;Required textbooks,I stay at the university hostel / near campus,0,3,2,2.5,0.0,95
"Yes, I agree",24-26,Female,University of Kelaniya,Science,Year 3,"Below LKR 50,000",3.00 – 3.49,Slightly better than average,8 or more courses,2–3 assignments,Sometimes,Moderate,Most of the time (75–99%),6–10 hours,4–6 days before,11–15 hours,More than 25 hours,80–89%,No,Not applicable (I do not have a job),Not applicable (I do not have a job),Not applicable (I do not have a job),Not applicable(I do not have a job),Average,Moderate,6–7 hours,Sometimes,Moderate,Stable internet connection;Personal laptop / computer;Quiet study space,I stay at the university hostel / near campus,1,3,2,13.0,0.0,85
"Yes, I agree",21-23,Male,Horizon Campus,IT / Computer Science,Year 3,"LKR 100,001 – 200,000",3.00 – 3.49,About average,4–5 courses,4–5 assignments,Sometimes,Moderate,Most of the time (75–99%),2–5 hours,1–3 days before,Less than 5 hours,Less than 10 hours,90–100%,Yes,21–30 hours,Other,Slightly negative impact,Other,Excellent,High,6–7 hours,Sometimes,Very high,Stable internet connection;Personal laptop / computer,Less than 30 minutes,1,3,3,2.5,25.5,95
"Yes, I agree",24-26,Female,Horizon Campus,IT / Computer Science,Year 4,"Below LKR 50,000",2.00 – 2.49,Slightly better than average,4–5 courses,4–5 assignments,Sometimes,Very light,Sometimes (50–74%),6–10 hours,7–14 days before,11–15 hours,16–20 hours,70–79%,No,More than 30 hours,Work experience,Slightly positive impact,Delivery / Driver,Poor,Moderate,6–7 hours,Sometimes,Moderate,Quiet study space,30–60 minutes,0,1,3,13.0,0.0,75
"Yes, I agree",24-26,Male,Horizon Campus,IT / Computer Science,Year 4,"LKR 50,000 – 100,000",3.00 – 3.49,Slightly better than average,6–7 courses,2–3 assignments,Sometimes,Moderate,Most of the time (75–99%),6–10 hours,4–6 days before,11–15 hours,16–20 hours,70–79%,Yes,21–30 hours,Option 4;Work experience,Slightly positive impact,Office / Clerical work,Average,High,8–9 hours,Sometimes,Low,Personal laptop / computer;Quiet study space;Required textbooks,30–60 minutes,1,3,2,13.0,25.5,75
"Yes, I agree",18-20,Female,Horizon Campus,IT-Data Science ,Year 1,"LKR 200,001 – 300,000",2.50 – 2.99,About average,6–7 courses,4–5 assignments,Rarely,Moderate,Sometimes (50–74%),2–5 hours,More than 14 days before,11–15 hours,10–15 hours,50–69%,No,16–20 hours,Financial support for studies;Financial support for family;Personal expenses,Slightly negative impact,Freelance / Online work,Good,High,4–5 hours,Sometimes,Moderate,Quiet study space,30–60 minutes,0,3,3,13.0,0.0,60
"Yes, I agree",24-26,Female,Horizon Campus,IT / Computer Science,Year 4,Prefer not to say,3.00 – 3.49,Much better than average,1–3 courses,0–1 assignments,Often,Heavy,Most of the time (75–99%),2–5 hours,1–3 days before,Less than 5 hours,10–15 hours,80–89%,No,Not applicable (I do not have a job),Not applicable (I do not have a job),Not applicable (I do not have a job),Not applicable(I do not have a job),Good,Moderate,6–7 hours,Often,Very high,Stable internet connection;Personal laptop / computer;Quiet study space;Required textbooks,30–60 minutes,1,4,1,2.5,0.0,85
"Yes, I agree",24-26,Female,Wayamba University,Technology ,Year 4,"LKR 50,000 – 100,000",3.00 – 3.49,About average,4–5 courses,2–3 assignments,Sometimes,Moderate,Most of the time (75–99%),2–5 hours,1–3 days before,Less than 5 hours,10–15 hours,80–89%,No,Not applicable (I do not have a job),Financial support for studies;Personal expenses;Work experience;Other,No impact,Other,Average,Moderate,4–5 hours,Sometimes,Moderate,Stable internet connection;Personal laptop / computer;Required textbooks,More than 2 hours,1,3,2,2.5,0.0,85
"Yes, I agree",24-26,Female,Horizon Campus,IT / Computer Science,Year 4,"Below LKR 50,000",2.50 – 2.99,About average,1–3 courses,2–3 assignments,Always,Very heavy,Sometimes (50–74%),2–5 hours,1–3 days before,Less than 5 hours,Less than 10 hours,70–79%,No,Not applicable (I do not have a job),Not applicable (I do not have a job),Not applicable (I do not have a job),Not applicable(I do not have a job),Average,Low,4–5 hours,Always,Very high,Personal laptop / computer;Quiet study space,1–2 hours,0,5,2,2.5,0.0,75
"Yes, I agree",21-23,Female,Horizon Campus,Business / Management,Year 2,"Above LKR 300,000",3.00 – 3.49,About average,6–7 courses,2–3 assignments,Sometimes,Very heavy,Most of the time (75–99%),2–5 hours,4–6 days before,5–10 hours,10–15 hours,90–100%,No,Not applicable (I do not have a job),Not applicable (I do not have a job),Not applicable (I do not have a job),Not applicable(I do not have a job),Good,Very high,6–7 hours,Often,Very high,Stable internet connection,I stay at the university hostel / near campus,1,5,2,7.5,0.0,95
"Yes, I agree",24-26,Male,Other,IT / Computer Science,Year 4,"LKR 50,000 – 100,000",3.00 – 3.49,Much better than average,8 or more courses,2–3 assignments,Sometimes,Heavy,Most of the time (75–99%),2–5 hours,7–14 days before,Less than 5 hours,Less than 10 hours,50–69%,Yes,More than 30 hours,Financial support for studies;Financial support for family;Personal expenses;Work experience,Very positive impact,Office / Clerical work,Good,High,6–7 hours,Never,Very high,Stable internet connection;Personal laptop / computer,More than 2 hours,1,4,2,2.5,35.0,60
"Yes, I agree",24-26,Male,University of Peradeniya,Engineering,Year 4,"Below LKR 50,000",3.00 – 3.49,Slightly below average,6–7 courses,2–3 assignments,Sometimes,Heavy,Most of the time (75–99%),2–5 hours,4–6 days before,5–10 hours,16–20 hours,70–79%,No,Not applicable (I do not have a job),Not applicable (I do not have a job),Not applicable (I do not have a job),Not applicable(I do not have a job),Average,Moderate,6–7 hours,Sometimes,High,Stable internet connection;Personal laptop / computer;Quiet study space;Required textbooks,More than 2 hours,1,4,2,7.5,0.0,75
"Yes, I agree",21-23,Female,Horizon Campus,IT / Computer Science,Year 3,"Above LKR 300,000",2.00 – 2.49,About average,6–7 courses,4–5 assignments,Often,Heavy,Most of the time (75–99%),11–15 hours,1–3 days before,Less than 5 hours,21–25 hours,70–79%,No,Not applicable (I do not have a job),Not applicable (I do not have a job),Not applicable (I do not have a job),Not applicable(I do not have a job),Average,Moderate,6–7 hours,Sometimes,High,Stable internet connection;Personal laptop / computer;Required textbooks,I stay at the university hostel / near campus,0,4,3,2.5,0.0,75
"Yes, I agree",24-26,Male,Horizon Campus,IT / Computer Science,Year 4,"Above LKR 300,000",3.00 – 3.49,About average,6–7 courses,4–5 assignments,Sometimes,Moderate,Sometimes (50–74%),6–10 hours,4–6 days before,11–15 hours,16–20 hours,70–79%,Yes,16–20 hours,Option 4,Slightly positive impact,Delivery / Driver,Average,Moderate,6–7 hours,Sometimes,Low,Personal laptop / computer;Quiet study space;Required textbooks,1–2 hours,1,3,3,13.0,18.0,75
"Yes, I agree",21-23,Male,Other,IT / Computer Science,Year 3,Prefer not to say,2.50 – 2.99,Slightly better than average,4–5 courses,4–5 assignments,Sometimes,Heavy,Most of the time (75–99%),2–5 hours,7–14 days before,Less than 5 hours,10–15 hours,90–100%,No,Not applicable (I do not have a job),Not applicable (I do not have a job),Not applicable (I do not have a job),Not applicable(I do not have a job),Excellent,Moderate,6–7 hours,Sometimes,Low,Stable internet connection;Personal laptop / computer,1–2 hours,0,4,3,2.5,0.0,95
"Yes, I agree",24-26,Female,Rajarata University,Science,Year 3,"LKR 100,001 – 200,000",2.50 – 2.99,Much better than average,6–7 courses,2–3 assignments,Sometimes,Heavy,Always (100%),2–5 hours,1–3 days before,Less than 5 hours,16–20 hours,80–89%,No,Not applicable (I do not have a job),Not applicable (I do not have a job),Not applicable (I do not have a job),Not applicable(I do not have a job),Good,Moderate,8–9 hours,Sometimes,High,Stable internet connection,More than 2 hours,0,4,2,2.5,0.0,85
"Yes, I agree",24-26,Female,Horizon Campus,IT / Computer Science,Year 3,"LKR 50,000 – 100,000",2.50 – 2.99,About average,4–5 courses,4–5 assignments,Always,Heavy,Most of the time (75–99%),6–10 hours,4–6 days before,5–10 hours,Less than 10 hours,80–89%,No,Not applicable (I do not have a job),Not applicable (I do not have a job),Not applicable (I do not have a job),Not applicable(I do not have a job),Average,Moderate,4–5 hours,Always,High,Stable internet connection;Personal laptop / computer;Quiet study space;Required textbooks,I stay at the university hostel / near campus,0,4,3,7.5,0.0,85
"Yes, I agree",21-23,Female,Horizon Campus,Science,Year 1,"LKR 200,001 – 300,000",3.00 – 3.49,Much better than average,6–7 courses,2–3 assignments,Sometimes,Moderate,Always (100%),2–5 hours,7–14 days before,5–10 hours,16–20 hours,80–89%,No,Not applicable (I do not have a job),Not applicable (I do not have a job),Not applicable (I do not have a job),Not applicable(I do not have a job),Average,Moderate,4–5 hours,Sometimes,Low,Stable internet connection;Personal laptop / computer;Quiet study space;Required textbooks,30–60 minutes,1,3,2,7.5,0.0,85
"Yes, I agree",24-26,Female,Horizon Campus,IT / Computer Science,Year 4,"LKR 50,000 – 100,000",3.50 – 4.00,Much better than average,4–5 courses,2–3 assignments,Often,Moderate,Always (100%),2–5 hours,1–3 days before,11–15 hours,16–20 hours,80–89%,No,Not applicable (I do not have a job),Not applicable (I do not have a job),Not applicable (I do not have a job),Not applicable(I do not have a job),Average,Very high,4–5 hours,Sometimes,Moderate,Stable internet connection;Personal laptop / computer;Required textbooks,Less than 30 minutes,1,3,2,13.0,0.0,85
"Yes, I agree",24-26,Male,Horizon Campus,Science,Year 4,"Below LKR 50,000",3.00 – 3.49,Slightly better than average,1–3 courses,2–3 assignments,Sometimes,Light,Sometimes (50–74%),6–10 hours,1–3 days before,11–15 hours,16–20 hours,70–79%,No,Not applicable (I do not have a job),Other;Not applicable (I do not have a job),Not applicable (I do not have a job),Not applicable(I do not have a job),Average,Moderate,6–7 hours,Sometimes,Moderate,Required textbooks,1–2 hours,1,2,2,13.0,0.0,75
"Yes, I agree",21-23,Female,Sabaragamuwa University,IT / Computer Science,Year 3,"LKR 100,001 – 200,000",2.50 – 2.99,About average,6–7 courses,4–5 assignments,Often,Moderate,Sometimes (50–74%),11–15 hours,4–6 days before,5–10 hours,10–15 hours,50–69%,Yes,16–20 hours,Financial support for studies;Personal expenses,Slightly positive impact,Delivery / Driver,Average,High,6–7 hours,Sometimes,Moderate,Stable internet connection;Quiet study space,More than 2 hours,0,3,3,7.5,18.0,60
"Yes, I agree",21-23,Female,Rajarata University,Business / Management,Year 3,"LKR 200,001 – 300,000",2.50 – 2.99,Slightly better than average,4–5 courses,4–5 assignments,Sometimes,Heavy,Always (100%),11–15 hours,4–6 days before,11–15 hours,21–25 hours,70–79%,Yes,Less than 10 hours,Financial support for family,Slightly positive impact,Delivery / Driver,Poor,Low,6–7 hours,Rarely,Moderate,Stable internet connection;Personal laptop / computer;Quiet study space;Required textbooks,1–2 hours,0,4,3,13.0,5.0,75
"Yes, I agree",24-26,Female,Horizon Campus,Science,Year 4,"Above LKR 300,000",2.50 – 2.99,Much better than average,6–7 courses,2–3 assignments,Sometimes,Moderate,Sometimes (50–74%),6–10 hours,4–6 days before,11–15 hours,16–20 hours,70–79%,Yes,21–30 hours,Option 4,Slightly positive impact,Office / Clerical work,Poor,Moderate,More than 9 hours,Sometimes,High,Quiet study space,More than 2 hours,0,3,2,13.0,25.5,75
"Yes, I agree",24-26,Female,Other,IT / Computer Science,Year 4,"LKR 50,000 – 100,000",3.00 – 3.49,Slightly below average,1–3 courses,2–3 assignments,Sometimes,Heavy,Most of the time (75–99%),6–10 hours,4–6 days before,11–15 hours,16–20 hours,80–89%,No,Less than 10 hours,Financial support for studies,Not applicable (I do not have a job),Not applicable(I do not have a job),Average,High,8–9 hours,Sometimes,Low,Required textbooks,More than 2 hours,1,4,2,13.0,0.0,85
"Yes, I agree",24-26,Male,Horizon Campus,Science,Year 2,"LKR 100,001 – 200,000",2.50 – 2.99,About average,4–5 courses,2–3 assignments,Sometimes,Moderate,Most of the time (75–99%),6–10 hours,4–6 days before,5–10 hours,16–20 hours,70–79%,Yes,16–20 hours,Financial support for family;Personal expenses,Slightly positive impact,Other,Poor,Low,4–5 hours,Rarely,High,Personal laptop / computer,1–2 hours,0,3,2,7.5,18.0,75
"Yes, I agree",27+,Male,Open University of Sri Lanka,Business / Management,Year 2,"Below LKR 50,000",Below 2.00,Much below average,4–5 courses,4–5 assignments,Always,Very heavy,Rarely (25–49%),6–10 hours,1–3 days before,5–10 hours,16–20 hours,80–89%,Yes,16–20 hours,Financial support for studies;Financial support for family,Very negative impact,Delivery / Driver,Poor,Low,8–9 hours,Sometimes,High,Stable internet connection;Quiet study space,30–60 minutes,0,5,3,7.5,18.0,85
"Yes, I agree",24-26,Male,Horizon Campus,Science,Year 3,"LKR 100,001 – 200,000",3.00 – 3.49,About average,6–7 courses,2–3 assignments,Sometimes,Moderate,Sometimes (50–74%),Less than 2 hours,1–3 days before,Less than 5 hours,10–15 hours,70–79%,Yes,16–20 hours,Personal expenses,Slightly negative impact,Delivery / Driver,Poor,Moderate,8–9 hours,Sometimes,Very high,Stable internet connection;Personal laptop / computer;Quiet study space;Required textbooks,I stay at the university hostel / near campus,1,3,2,2.5,18.0,75
"Yes, I agree",24-26,Female,University of Ruhuna,Arts / Humanities,Year 3,"Above LKR 300,000",3.00 – 3.49,About average,6–7 courses,4–5 assignments,Sometimes,Heavy,Sometimes (50–74%),6–10 hours,1–3 days before,16–20 hours,10–15 hours,80–89%,No,Not applicable (I do not have a job),Not applicable (I do not have a job),Not applicable (I do not have a job),Not applicable(I do not have a job),Average,Low,8–9 hours,Sometimes,Moderate,Personal laptop / computer,More than 2 hours,1,4,3,18.0,0.0,85
"Yes, I agree",21-23,Female,University of Kelaniya,Arts / Humanities,Year 2,"Above LKR 300,000",3.00 – 3.49,Slightly better than average,6–7 courses,4–5 assignments,Sometimes,Heavy,Always (100%),6–10 hours,4–6 days before,11–15 hours,16–20 hours,70–79%,No,Not applicable (I do not have a job),Not applicable (I do not have a job),Not applicable (I do not have a job),Not applicable(I do not have a job),Good,Moderate,6–7 hours,Often,Moderate,Quiet study space,More than 2 hours,1,4,3,13.0,0.0,75
"Yes, I agree",21-23,Female,Horizon Campus,Business / Management,Year 2,"LKR 100,001 – 200,000",2.50 – 2.99,Slightly better than average,4–5 courses,2–3 assignments,Sometimes,Light,Most of the time (75–99%),11–15 hours,4–6 days before,5–10 hours,10–15 hours,80–89%,No,Not applicable (I do not have a job),Not applicable (I do not have a job),Not applicable (I do not have a job),Not applicable(I do not have a job),Average,Moderate,8–9 hours,Sometimes,High,Stable internet connection;Personal laptop / computer,I stay at the university hostel / near campus,0,2,2,7.5,0.0,85
"Yes, I agree",24-26,Female,Horizon Campus,Business / Management,Year 4,"LKR 100,001 – 200,000",2.00 – 2.49,About average,6–7 courses,2–3 assignments,Sometimes,Moderate,Rarely (25–49%),6–10 hours,On the day of the exam,11–15 hours,Less than 10 hours,Below 50%,No,Not applicable (I do not have a job),Not applicable (I do not have a job),Not applicable (I do not have a job),Not applicable(I do not have a job),Good,High,6–7 hours,Sometimes,Moderate,Required textbooks,30–60 minutes,0,3,2,13.0,0.0,25
"Yes, I agree",21-23,Female,University of Kelaniya,Education,Year 4,"LKR 200,001 – 300,000",2.00 – 2.49,About average,6–7 courses,2–3 assignments,Sometimes,Moderate,Most of the time (75–99%),2–5 hours,4–6 days before,5–10 hours,10–15 hours,70–79%,No,Not applicable (I do not have a job),Not applicable (I do not have a job),Not applicable (I do not have a job),Not applicable(I do not have a job),Average,Moderate,6–7 hours,Sometimes,Moderate,Required textbooks,1–2 hours,0,3,2,7.5,0.0,75
"Yes, I agree",21-23,Male,University of Ruhuna,Science,Year 3,"LKR 50,000 – 100,000",3.00 – 3.49,Slightly below average,6–7 courses,4–5 assignments,Sometimes,Light,Always (100%),6–10 hours,7–14 days before,11–15 hours,10–15 hours,80–89%,No,Not applicable (I do not have a job),Not applicable (I do not have a job),Not applicable (I do not have a job),Not applicable(I do not have a job),Average,High,6–7 hours,Sometimes,Moderate,None of the above,30–60 minutes,1,2,3,13.0,0.0,85
"Yes, I agree",24-26,Female,University of Jaffna,Science,Year 2,"LKR 50,000 – 100,000",3.00 – 3.49,Slightly below average,4–5 courses,4–5 assignments,Sometimes,Moderate,Sometimes (50–74%),6–10 hours,1–3 days before,16–20 hours,10–15 hours,50–69%,Yes,16–20 hours,Personal expenses,Slightly negative impact,Shop / Restaurant / Retail,Good,Moderate,6–7 hours,Sometimes,High,Quiet study space,1–2 hours,1,3,3,18.0,18.0,60
"Yes, I agree",24-26,Female,University of Moratuwa,Medicine / Health Sciences,Year 2,"LKR 200,001 – 300,000",3.00 – 3.49,Slightly better than average,6–7 courses,2–3 assignments,Sometimes,Moderate,Rarely (25–49%),11–15 hours,4–6 days before,11–15 hours,16–20 hours,50–69%,Yes,16–20 hours,Work experience,Slightly positive impact,Delivery / Driver,Average,High,8–9 hours,Often,Moderate,Quiet study space,1–2 hours,1,3,2,13.0,18.0,60
"Yes, I agree",21-23,Female,University of Jaffna,Business / Management,Year 2,"LKR 100,001 – 200,000",2.00 – 2.49,About average,6–7 courses,2–3 assignments,Sometimes,Light,Most of the time (75–99%),6–10 hours,4–6 days before,5–10 hours,16–20 hours,50–69%,Yes,16–20 hours,Personal expenses,Very negative impact,Shop / Restaurant / Retail,Good,High,6–7 hours,Sometimes,Moderate,Required textbooks,1–2 hours,0,2,2,7.5,18.0,60
"Yes, I agree",24-26,Female,Horizon Campus,Science,Year 3,"LKR 50,000 – 100,000",2.50 – 2.99,Much better than average,6–7 courses,6 or more assignments,Sometimes,Light,Most of the time (75–99%),6–10 hours,4–6 days before,5–10 hours,10–15 hours,70–79%,No,Not applicable (I do not have a job),Not applicable (I do not have a job),Not applicable (I do not have a job),Not applicable(I do not have a job),Good,Moderate,4–5 hours,Rarely,Moderate,Quiet study space,1–2 hours,0,2,4,7.5,0.0,75
"Yes, I agree",24-26,Female,Horizon Campus,Science,Year 3,"LKR 50,000 – 100,000",2.00 – 2.49,About average,6–7 courses,2–3 assignments,Sometimes,Heavy,Most of the time (75–99%),6–10 hours,4–6 days before,11–15 hours,More than 25 hours,70–79%,Yes,16–20 hours,Financial support for family,No impact,Other,Average,Moderate,4–5 hours,Sometimes,Moderate,Personal laptop / computer,I stay at the university hostel / near campus,0,4,2,13.0,18.0,75
"Yes, I agree",21-23,Female,Horizon Campus,Science,Year 2,"LKR 50,000 – 100,000",3.50 – 4.00,Slightly better than average,6–7 courses,4–5 assignments,Sometimes,Moderate,Always (100%),2–5 hours,7–14 days before,5–10 hours,10–15 hours,80–89%,No,Not applicable (I do not have a job),Not applicable (I do not have a job),Not applicable (I do not have a job),Not applicable(I do not have a job),Good,Moderate,6–7 hours,Sometimes,High,Personal laptop / computer;Quiet study space,I stay at the university hostel / near campus,1,3,3,7.5,0.0,85
"Yes, I agree",24-26,Female,Horizon Campus,Business / Management,Year 4,"LKR 100,001 – 200,000",2.50 – 2.99,About average,1–3 courses,0–1 assignments,Sometimes,Moderate,Always (100%),2–5 hours,4–6 days before,Less than 5 hours,Less than 10 hours,70–79%,Yes,Less than 10 hours,Financial support for studies;Financial support for family;Personal expenses,No impact,Shop / Restaurant / Retail,Good,High,6–7 hours,Sometimes,Moderate,Personal laptop / computer,More than 2 hours,0,3,1,2.5,5.0,75
"Yes, I agree",21-23,Female,Sabaragamuwa University,IT / Computer Science,Year 1,"LKR 50,000 – 100,000",2.50 – 2.99,About average,6–7 courses,2–3 assignments,Sometimes,Moderate,Most of the time (75–99%),6–10 hours,1–3 days before,5–10 hours,Less than 10 hours,70–79%,Yes,21–30 hours,Financial support for studies;Personal expenses,No impact,Delivery / Driver,Average,Moderate,Less than 4 hours,Sometimes,Low,Personal laptop / computer;Quiet study space,More than 2 hours,0,3,2,7.5,25.5,75
"Yes, I agree",21-23,Female,University of Jaffna,Science,Year 2,"LKR 100,001 – 200,000",2.00 – 2.49,About average,4–5 courses,2–3 assignments,Sometimes,Moderate,Most of the time (75–99%),2–5 hours,4–6 days before,5–10 hours,16–20 hours,50–69%,No,Not applicable (I do not have a job),Not applicable (I do not have a job),Not applicable (I do not have a job),Not applicable(I do not have a job),Excellent,Moderate,6–7 hours,Rarely,High,Stable internet connection;Personal laptop / computer,30–60 minutes,0,3,2,7.5,0.0,60
"Yes, I agree",24-26,Female,Horizon Campus,Education,Year 2,"LKR 100,001 – 200,000",3.00 – 3.49,About average,4–5 courses,4–5 assignments,Rarely,Light,Sometimes (50–74%),6–10 hours,7–14 days before,11–15 hours,10–15 hours,70–79%,Yes,16–20 hours,Personal expenses,Slightly negative impact,Office / Clerical work,Good,Moderate,6–7 hours,Rarely,High,Stable internet connection;Quiet study space,More than 2 hours,1,2,3,13.0,18.0,75
"Yes, I agree",21-23,Male,University of Ruhuna,Engineering,Year 3,"LKR 50,000 – 100,000",3.00 – 3.49,About average,4–5 courses,2–3 assignments,Often,Heavy,Most of the time (75–99%),6–10 hours,4–6 days before,5–10 hours,16–20 hours,50–69%,No,Not applicable (I do not have a job),Not applicable (I do not have a job),Not applicable (I do not have a job),Not applicable(I do not have a job),Poor,Moderate,6–7 hours,Often,Moderate,Personal laptop / computer;Required textbooks,30–60 minutes,1,4,2,7.5,0.0,60
"Yes, I agree",21-23,Male,Other,Business / Management,Year 3,"LKR 100,001 – 200,000",2.00 – 2.49,Slightly below average,6–7 courses,2–3 assignments,Often,Moderate,Sometimes (50–74%),6–10 hours,4–6 days before,11–15 hours,21–25 hours,70–79%,Yes,10–15 hours,Financial support for family;Personal expenses,Slightly positive impact,Freelance / Online work,Good,Moderate,4–5 hours,Often,Moderate,Stable internet connection;Quiet study space,I stay at the university hostel / near campus,0,3,2,13.0,12.5,75
"Yes, I agree",21-23,Female,University of Sri Jayewardenepura,Business / Management,Year 1,"LKR 100,001 – 200,000",2.50 – 2.99,Slightly below average,6–7 courses,2–3 assignments,Sometimes,Moderate,Most of the time (75–99%),6–10 hours,4–6 days before,5–10 hours,Less than 10 hours,70–79%,No,Not applicable (I do not have a job),Not applicable (I do not have a job),Not applicable (I do not have a job),Not applicable(I do not have a job),Average,Moderate,6–7 hours,Sometimes,Moderate,Quiet study space;Required textbooks,1–2 hours,0,3,2,7.5,0.0,75
"Yes, I agree",21-23,Female,University of Moratuwa,Business / Management,Year 3,"LKR 50,000 – 100,000",2.00 – 2.49,About average,4–5 courses,2–3 assignments,Rarely,Light,Rarely (25–49%),2–5 hours,7–14 days before,5–10 hours,10–15 hours,50–69%,Yes,16–20 hours,Personal expenses,Slightly positive impact,Shop / Restaurant / Retail,Average,Moderate,6–7 hours,Sometimes,Moderate,Personal laptop / computer,I stay at the university hostel / near campus,0,2,2,7.5,18.0,60
"Yes, I agree",21-23,Male,Horizon Campus,IT / Computer Science,Year 1,"Below LKR 50,000",2.50 – 2.99,Slightly better than average,4–5 courses,4–5 assignments,Sometimes,Light,Sometimes (50–74%),More than 15 hours,7–14 days before,5–10 hours,Less than 10 hours,80–89%,Yes,More than 30 hours,Financial support for studies;Financial support for family,Slightly negative impact,Office / Clerical work,Good,Moderate,6–7 hours,Sometimes,Moderate,Personal laptop / computer;Quiet study space,1–2 hours,0,2,3,7.5,35.0,85
"Yes, I agree",21-23,Female,Wayamba University,Business / Management,Year 3,"LKR 50,000 – 100,000",2.50 – 2.99,Slightly better than average,6–7 courses,4–5 assignments,Always,Moderate,Rarely (25–49%),2–5 hours,7–14 days before,11–15 hours,10–15 hours,70–79%,Yes,21–30 hours,Financial support for family,No impact,Delivery / Driver,Good,High,6–7 hours,Rarely,Moderate,Stable internet connection;Quiet study space,30–60 minutes,0,3,3,13.0,25.5,75
"Yes, I agree",24-26,Female,University of Peradeniya,Medicine / Health Sciences,Year 3,"LKR 50,000 – 100,000",2.00 – 2.49,About average,4–5 courses,4–5 assignments,Rarely,Light,Most of the time (75–99%),2–5 hours,4–6 days before,11–15 hours,16–20 hours,80–89%,No,Not applicable (I do not have a job),Not applicable (I do not have a job),Not applicable (I do not have a job),Not applicable(I do not have a job),Good,High,6–7 hours,Rarely,High,Quiet study space,More than 2 hours,0,2,3,13.0,0.0,85
"Yes, I agree",18-20,Male,University of Moratuwa,Engineering,Year 2,"LKR 200,001 – 300,000",2.00 – 2.49,Slightly better than average,4–5 courses,4–5 assignments,Sometimes,Light,Most of the time (75–99%),2–5 hours,More than 14 days before,11–15 hours,16–20 hours,50–69%,Yes,10–15 hours,Personal expenses,Slightly negative impact,Freelance / Online work,Excellent,Very high,6–7 hours,Never,Moderate,Stable internet connection,Less than 30 minutes,0,2,3,13.0,12.5,60
"Yes, I agree",18-20,Male,Sabaragamuwa University,Medicine / Health Sciences,Year 2,"LKR 200,001 – 300,000",2.50 – 2.99,About average,1–3 courses,2–3 assignments,Rarely,Light,Most of the time (75–99%),6–10 hours,4–6 days before,5–10 hours,10–15 hours,50–69%,Yes,16–20 hours,Financial support for family;Personal expenses,Slightly positive impact,Other,Good,Very high,6–7 hours,Rarely,High,Personal laptop / computer;Quiet study space,More than 2 hours,0,2,2,7.5,18.0,60
"Yes, I agree",24-26,Male,University of Kelaniya,IT / Computer Science,Year 2,"Below LKR 50,000",Below 2.00,About average,1–3 courses,0–1 assignments,Rarely,Very light,Rarely (25–49%),Less than 2 hours,More than 14 days before,16–20 hours,10–15 hours,Below 50%,Yes,21–30 hours,Financial support for studies,Very negative impact,Office / Clerical work,Excellent,Very high,6–7 hours,Rarely,Moderate,Personal laptop / computer,Less than 30 minutes,0,1,1,18.0,25.5,25
"Yes, I agree",18-20,Female,University of Jaffna,Business / Management,Year 3,"LKR 200,001 – 300,000",3.00 – 3.49,About average,1–3 courses,2–3 assignments,Rarely,Moderate,Sometimes (50–74%),Less than 2 hours,More than 14 days before,11–15 hours,10–15 hours,Below 50%,Yes,Less than 10 hours,Financial support for family,Slightly negative impact,Shop / Restaurant / Retail,Excellent,High,Less than 4 hours,Sometimes,High,Required textbooks,Less than 30 minutes,1,3,2,13.0,5.0,25
"Yes, I agree",24-26,Female,University of Jaffna,Business / Management,Year 2,"LKR 100,001 – 200,000",3.50 – 4.00,Slightly better than average,1–3 courses,4–5 assignments,Often,Light,Sometimes (50–74%),2–5 hours,More than 14 days before,11–15 hours,Less than 10 hours,70–79%,No,Not applicable (I do not have a job),Not applicable (I do not have a job),Not applicable (I do not have a job),Not applicable(I do not have a job),Average,Moderate,Less than 4 hours,Rarely,Moderate,Personal laptop / computer;Quiet study space,30–60 minutes,1,2,3,13.0,0.0,75
"Yes, I agree",18-20,Male,University of Ruhuna,Business / Management,Year 3,"LKR 100,001 – 200,000",2.00 – 2.49,Slightly better than average,4–5 courses,2–3 assignments,Rarely,Light,Sometimes (50–74%),2–5 hours,7–14 days before,Less than 5 hours,Less than 10 hours,Below 50%,Yes,21–30 hours,Work experience,No impact,Freelance / Online work,Average,High,4–5 hours,Rarely,Very high,Personal laptop / computer,1–2 hours,0,2,2,2.5,25.5,25
"Yes, I agree",24-26,Female,South Eastern University,Arts / Humanities,Year 3,"Below LKR 50,000",2.00 – 2.49,Slightly better than average,4–5 courses,2–3 assignments,Always,Light,Sometimes (50–74%),6–10 hours,4–6 days before,11–15 hours,16–20 hours,70–79%,No,Not applicable (I do not have a job),Not applicable (I do not have a job),Not applicable (I do not have a job),Not applicable(I do not have a job),Poor,High,6–7 hours,Rarely,Moderate,Personal laptop / computer;Quiet study space,30–60 minutes,0,2,2,13.0,0.0,75
"Yes, I agree",18-20,Male,University of Moratuwa,IT / Computer Science,Year 1,"LKR 100,001 – 200,000",2.50 – 2.99,Much better than average,1–3 courses,0–1 assignments,Rarely,Light,Always (100%),2–5 hours,7–14 days before,16–20 hours,16–20 hours,50–69%,Yes,10–15 hours,Financial support for family,Slightly negative impact,Shop / Restaurant / Retail,Good,High,4–5 hours,Sometimes,Moderate,Quiet study space,30–60 minutes,0,2,1,18.0,12.5,60
"Yes, I agree",21-23,Male,Wayamba University,Science,Year 2,"LKR 200,001 – 300,000",2.00 – 2.49,About average,4–5 courses,2–3 assignments,Rarely,Very light,Most of the time (75–99%),2–5 hours,More than 14 days before,16–20 hours,10–15 hours,70–79%,Yes,Less than 10 hours,Financial support for family,Slightly negative impact,Office / Clerical work,Poor,Low,4–5 hours,Rarely,High,Personal laptop / computer,30–60 minutes,0,1,2,18.0,5.0,75
"Yes, I agree",18-20,Male,University of Moratuwa,Medicine / Health Sciences,Year 2,"LKR 100,001 – 200,000",2.00 – 2.49,Slightly better than average,1–3 courses,2–3 assignments,Sometimes,Moderate,Sometimes (50–74%),6–10 hours,7–14 days before,Less than 5 hours,10–15 hours,70–79%,Yes,Less than 10 hours,Financial support for family,No impact,Shop / Restaurant / Retail,Average,High,6–7 hours,Rarely,High,Quiet study space,30–60 minutes,0,3,2,2.5,5.0,75
"Yes, I agree",21-23,Male,Wayamba University,Medicine / Health Sciences,Year 2,"LKR 200,001 – 300,000",2.00 – 2.49,Slightly better than average,6–7 courses,2–3 assignments,Rarely,Very light,Most of the time (75–99%),11–15 hours,7–14 days before,5–10 hours,10–15 hours,50–69%,Yes,Less than 10 hours,Financial support for family,Very positive impact,Shop / Restaurant / Retail,Average,Moderate,4–5 hours,Rarely,High,Quiet study space,Less than 30 minutes,0,1,2,7.5,5.0,60
"Yes, I agree",24-26,Female,Sabaragamuwa University,Science,Year 3,"LKR 100,001 – 200,000",3.00 – 3.49,About average,8 or more courses,2–3 assignments,Often,Heavy,Always (100%),2–5 hours,7–14 days before,Less than 5 hours,More than 25 hours,80–89%,No,Not applicable (I do not have a job),Not applicable (I do not have a job),Not applicable (I do not have a job),Not applicable(I do not have a job),Average,Moderate,4–5 hours,Often,Very high,Personal laptop / computer,I stay at the university hostel / near campus,1,4,2,2.5,0.0,85
"Yes, I agree",21-23,Female,University of Peradeniya,Engineering,Year 2,"LKR 100,001 – 200,000",2.00 – 2.49,Slightly below average,6–7 courses,2–3 assignments,Never,Very light,Sometimes (50–74%),6–10 hours,4–6 days before,11–15 hours,Less than 10 hours,50–69%,Yes,Less than 10 hours,Financial support for studies,Slightly negative impact,Freelance / Online work,Average,High,Less than 4 hours,Rarely,Moderate,Stable internet connection,1–2 hours,0,1,2,13.0,5.0,60
"Yes, I agree",18-20,Female,Horizon Campus,IT / Computer Science,Year 1,"LKR 200,001 – 300,000",3.00 – 3.49,Much below average,6–7 courses,4–5 assignments,Sometimes,Moderate,Most of the time (75–99%),6–10 hours,7–14 days before,5–10 hours,16–20 hours,70–79%,No,Not applicable (I do not have a job),Not applicable (I do not have a job),Not applicable (I do not have a job),Not applicable(I do not have a job),Good,High,6–7 hours,Sometimes,High,Quiet study space,1–2 hours,1,3,3,7.5,0.0,75
"Yes, I agree",21-23,Female,Wayamba University,Engineering,Year 2,"LKR 100,001 – 200,000",2.50 – 2.99,Slightly better than average,4–5 courses,4–5 assignments,Rarely,Very light,Most of the time (75–99%),6–10 hours,4–6 days before,5–10 hours,21–25 hours,70–79%,Yes,16–20 hours,Work experience,Slightly negative impact,Freelance / Online work,Poor,Moderate,6–7 hours,Often,High,Quiet study space,1–2 hours,0,1,3,7.5,18.0,75
"Yes, I agree",24-26,Male,Horizon Campus,Arts / Humanities,Year 3,"LKR 200,001 – 300,000",Below 2.00,Slightly better than average,6–7 courses,6 or more assignments,Often,Light,Rarely (25–49%),6–10 hours,4–6 days before,5–10 hours,16–20 hours,70–79%,No,More than 30 hours,Personal expenses,Very positive impact,Office / Clerical work,Very poor,Moderate,More than 9 hours,Sometimes,Moderate,Quiet study space,1–2 hours,0,2,4,7.5,0.0,75
"Yes, I agree",24-26,Female,University of Colombo,IT / Computer Science,Year 1,"LKR 200,001 – 300,000",Below 2.00,Slightly below average,4–5 courses,0–1 assignments,Sometimes,Very light,Sometimes (50–74%),2–5 hours,7–14 days before,11–15 hours,10–15 hours,50–69%,Yes,21–30 hours,Personal expenses,No impact,Freelance / Online work,Excellent,High,4–5 hours,Sometimes,High,Personal laptop / computer,Less than 30 minutes,0,1,1,13.0,25.5,60
"Yes, I agree",21-23,Female,Horizon Campus,Medicine / Health Sciences,Year 2,"Below LKR 50,000",2.00 – 2.49,Slightly below average,6–7 courses,4–5 assignments,Sometimes,Moderate,Always (100%),11–15 hours,1–3 days before,16–20 hours,More than 25 hours,80–89%,Yes,Less than 10 hours,Financial support for family,Slightly negative impact,Freelance / Online work,Good,Moderate,4–5 hours,Rarely,High,Quiet study space,30–60 minutes,0,3,3,18.0,5.0,85
"Yes, I agree",24-26,Male,Horizon Campus,IT / Computer Science,Year 4,"Above LKR 300,000",2.50 – 2.99,Slightly better than average,6–7 courses,4–5 assignments,Rarely,Moderate,Sometimes (50–74%),6–10 hours,4–6 days before,11–15 hours,16–20 hours,70–79%,Yes,Less than 10 hours,Financial support for family,Slightly negative impact,Shop / Restaurant / Retail,Average,Moderate,4–5 hours,Sometimes,Moderate,Personal laptop / computer,1–2 hours,0,3,3,13.0,5.0,75
"Yes, I agree",21-23,Male,University of Moratuwa,IT / Computer Science,Year 2,"LKR 50,000 – 100,000",2.00 – 2.49,Much better than average,4–5 courses,2–3 assignments,Rarely,Very light,Sometimes (50–74%),6–10 hours,7–14 days before,11–15 hours,16–20 hours,50–69%,Yes,10–15 hours,Financial support for studies,No impact,Shop / Restaurant / Retail,Average,High,8–9 hours,Rarely,Very high,Quiet study space,30–60 minutes,0,1,2,13.0,12.5,60
"Yes, I agree",24-26,Male,Horizon Campus,Law,Year 3,"LKR 100,001 – 200,000",2.50 – 2.99,About average,1–3 courses,2–3 assignments,Sometimes,Moderate,Most of the time (75–99%),6–10 hours,7–14 days before,5–10 hours,16–20 hours,80–89%,Yes,More than 30 hours,Work experience,Slightly positive impact,Delivery / Driver,Average,Low,6–7 hours,Sometimes,Moderate,Personal laptop / computer,Less than 30 minutes,0,3,2,7.5,35.0,85
"Yes, I agree",24-26,Male,University of Colombo,Medicine / Health Sciences,Year 3,"LKR 200,001 – 300,000",2.00 – 2.49,Slightly below average,1–3 courses,2–3 assignments,Often,Heavy,Most of the time (75–99%),2–5 hours,4–6 days before,16–20 hours,16–20 hours,70–79%,Yes,16–20 hours,Personal expenses,Slightly positive impact,Shop / Restaurant / Retail,Poor,High,8–9 hours,Rarely,Very high,Personal laptop / computer,1–2 hours,0,4,2,18.0,18.0,75
"Yes, I agree",21-23,Male,Rajarata University,Engineering,Year 2,"LKR 100,001 – 200,000",2.50 – 2.99,About average,4–5 courses,4–5 assignments,Sometimes,Moderate,Always (100%),2–5 hours,4–6 days before,11–15 hours,16–20 hours,Below 50%,Yes,16–20 hours,Financial support for family;Personal expenses,Slightly negative impact,Delivery / Driver,Good,High,Less than 4 hours,Rarely,Very high,Stable internet connection;Personal laptop / computer,1–2 hours,0,3,3,13.0,18.0,25
"Yes, I agree",24-26,Female,South Eastern University,Engineering,Year 2,"LKR 100,001 – 200,000",3.50 – 4.00,Slightly below average,4–5 courses,2–3 assignments,Rarely,Light,Rarely (25–49%),6–10 hours,More than 14 days before,Less than 5 hours,10–15 hours,Below 50%,Yes,21–30 hours,Personal expenses,Very negative impact,Shop / Restaurant / Retail,Good,Low,6–7 hours,Often,High,Quiet study space,1–2 hours,1,2,2,2.5,25.5,25
"Yes, I agree",18-20,Male,University of Colombo,IT / Computer Science,Year 2,"LKR 50,000 – 100,000",3.00 – 3.49,About average,4–5 courses,2–3 assignments,Often,Very light,Sometimes (50–74%),6–10 hours,7–14 days before,11–15 hours,10–15 hours,50–69%,Yes,10–15 hours,Work experience,Slightly negative impact,Freelance / Online work,Good,High,6–7 hours,Sometimes,High,Stable internet connection,Less than 30 minutes,1,1,2,13.0,12.5,60
"Yes, I agree",21-23,Female,University of Peradeniya,Engineering,Year 2,"LKR 100,001 – 200,000",2.50 – 2.99,Much better than average,4–5 courses,2–3 assignments,Rarely,Moderate,Sometimes (50–74%),2–5 hours,4–6 days before,11–15 hours,Less than 10 hours,50–69%,Yes,21–30 hours,Financial support for family,Slightly negative impact,Delivery / Driver,Average,Moderate,4–5 hours,Sometimes,High,Quiet study space,1–2 hours,0,3,2,13.0,25.5,60
"Yes, I agree",24-26,Male,University of Sri Jayewardenepura,Engineering,Year 2,"Below LKR 50,000",Below 2.00,Slightly better than average,6–7 courses,4–5 assignments,Sometimes,Light,Sometimes (50–74%),2–5 hours,4–6 days before,5–10 hours,16–20 hours,70–79%,Yes,10–15 hours,Financial support for family,Slightly positive impact,Delivery / Driver,Excellent,Moderate,6–7 hours,Rarely,High,Stable internet connection,30–60 minutes,0,2,3,7.5,12.5,75
"Yes, I agree",24-26,Male,Rajarata University,Engineering,Year 2,"LKR 50,000 – 100,000",Below 2.00,Slightly better than average,6–7 courses,4–5 assignments,Sometimes,Heavy,Rarely (25–49%),11–15 hours,7–14 days before,5–10 hours,10–15 hours,Below 50%,Yes,16–20 hours,Personal expenses,Slightly negative impact,Shop / Restaurant / Retail,Good,Moderate,8–9 hours,Sometimes,Very high,Stable internet connection,30–60 minutes,0,4,3,7.5,18.0,25
"Yes, I agree",21-23,Male,Sabaragamuwa University,Engineering,Year 3,"LKR 100,001 – 200,000",2.00 – 2.49,Slightly below average,6–7 courses,2–3 assignments,Often,Moderate,Always (100%),2–5 hours,4–6 days before,Less than 5 hours,10–15 hours,70–79%,Yes,21–30 hours,Other,Very negative impact,Shop / Restaurant / Retail,Average,Low,4–5 hours,Rarely,Moderate,Stable internet connection,30–60 minutes,0,3,2,2.5,25.5,75
"Yes, I agree",21-23,Female,University of Sri Jayewardenepura,Arts / Humanities,Year 2,"LKR 100,001 – 200,000",2.00 – 2.49,About average,4–5 courses,4–5 assignments,Sometimes,Moderate,Sometimes (50–74%),6–10 hours,4–6 days before,16–20 hours,10–15 hours,70–79%,Yes,16–20 hours,Work experience,Slightly positive impact,Office / Clerical work,Average,Moderate,4–5 hours,Often,High,Quiet study space,30–60 minutes,0,3,3,18.0,18.0,75
"Yes, I agree",21-23,Male,University of Colombo,Arts / Humanities,Year 3,"LKR 100,001 – 200,000",3.00 – 3.49,About average,6–7 courses,2–3 assignments,Sometimes,Moderate,Sometimes (50–74%),6–10 hours,4–6 days before,11–15 hours,16–20 hours,70–79%,Yes,21–30 hours,Financial support for family;Personal expenses,Slightly positive impact,Shop / Restaurant / Retail,Average,High,6–7 hours,Often,Moderate,Personal laptop / computer,I stay at the university hostel / near campus,1,3,2,13.0,25.5,75
"Yes, I agree",21-23,Male,Wayamba University,Engineering,Year 2,"LKR 200,001 – 300,000",2.00 – 2.49,Slightly better than average,8 or more courses,2–3 assignments,Rarely,Light,Most of the time (75–99%),6–10 hours,7–14 days before,5–10 hours,10–15 hours,70–79%,Yes,Less than 10 hours,Financial support for family,Slightly positive impact,Delivery / Driver,Good,Moderate,4–5 hours,Sometimes,High,Personal laptop / computer,1–2 hours,0,2,2,7.5,5.0,75
"Yes, I agree",18-20,Male,University of Kelaniya,Medicine / Health Sciences,Year 2,"LKR 50,000 – 100,000",2.00 – 2.49,About average,1–3 courses,2–3 assignments,Rarely,Light,Most of the time (75–99%),2–5 hours,4–6 days before,5–10 hours,10–15 hours,50–69%,Yes,10–15 hours,Financial support for family,No impact,Freelance / Online work,Good,High,Less than 4 hours,Sometimes,High,Stable internet connection,30–60 minutes,0,2,2,7.5,12.5,60
"Yes, I agree",21-23,Male,University of Peradeniya,Medicine / Health Sciences,Year 2,"LKR 100,001 – 200,000",2.00 – 2.49,Slightly better than average,1–3 courses,0–1 assignments,Often,Light,Most of the time (75–99%),6–10 hours,4–6 days before,11–15 hours,16–20 hours,90–100%,Yes,Less than 10 hours,Financial support for family,No impact,Freelance / Online work,Average,Moderate,Less than 4 hours,Rarely,Low,Stable internet connection;Quiet study space,30–60 minutes,0,2,1,13.0,5.0,95
"Yes, I agree",18-20,Male,Wayamba University,Business / Management,Year 2,"Above LKR 300,000",2.50 – 2.99,About average,4–5 courses,0–1 assignments,Sometimes,Moderate,Sometimes (50–74%),6–10 hours,4–6 days before,Less than 5 hours,10–15 hours,70–79%,Yes,16–20 hours,Work experience,Very positive impact,Office / Clerical work,Average,Moderate,6–7 hours,Rarely,Moderate,Quiet study space,1–2 hours,0,3,1,2.5,18.0,75
"Yes, I agree",24-26,Male,Rajarata University,Engineering,Year 2,"LKR 200,001 – 300,000",2.00 – 2.49,Slightly better than average,4–5 courses,2–3 assignments,Always,Heavy,Almost never (below 25%),More than 15 hours,7–14 days before,Less than 5 hours,10–15 hours,50–69%,No,Not applicable (I do not have a job),Work experience,Very negative impact,Delivery / Driver,Good,Moderate,4–5 hours,Sometimes,Low,Quiet study space,More than 2 hours,0,4,2,2.5,0.0,60
"Yes, I agree",21-23,Male,University of Colombo,Medicine / Health Sciences,Year 2,"Below LKR 50,000",2.00 – 2.49,Slightly better than average,6–7 courses,2–3 assignments,Rarely,Moderate,Sometimes (50–74%),2–5 hours,7–14 days before,16–20 hours,16–20 hours,Below 50%,Yes,16–20 hours,Personal expenses,Slightly negative impact,Delivery / Driver,Poor,High,6–7 hours,Rarely,High,Quiet study space,30–60 minutes,0,3,2,18.0,18.0,25
"Yes, I agree",18-20,Female,Wayamba University,Arts / Humanities,Year 3,"LKR 100,001 – 200,000",2.00 – 2.49,Slightly better than average,1–3 courses,0–1 assignments,Rarely,Very light,Most of the time (75–99%),2–5 hours,7–14 days before,11–15 hours,16–20 hours,Below 50%,No,Not applicable (I do not have a job),Not applicable (I do not have a job),Not applicable (I do not have a job),Not applicable(I do not have a job),Poor,Low,6–7 hours,Never,Moderate,Personal laptop / computer,I stay at the university hostel / near campus,0,1,1,13.0,0.0,25
"Yes, I agree",21-23,Female,University of Colombo,Medicine / Health Sciences,Year 3,"LKR 50,000 – 100,000",2.50 – 2.99,About average,4–5 courses,2–3 assignments,Sometimes,Light,Most of the time (75–99%),6–10 hours,4–6 days before,5–10 hours,10–15 hours,Below 50%,Yes,16–20 hours,Personal expenses,No impact,Shop / Restaurant / Retail,Good,High,6–7 hours,Often,Low,Stable internet connection,Less than 30 minutes,0,2,2,7.5,18.0,25
"Yes, I agree",18-20,Male,University of Sri Jayewardenepura,Arts / Humanities,Year 2,"Below LKR 50,000",3.00 – 3.49,Slightly better than average,6–7 courses,0–1 assignments,Sometimes,Moderate,Sometimes (50–74%),6–10 hours,4–6 days before,11–15 hours,10–15 hours,70–79%,Yes,10–15 hours,Work experience,Slightly positive impact,Shop / Restaurant / Retail,Excellent,Very high,Less than 4 hours,Sometimes,High,Personal laptop / computer,Less than 30 minutes,1,3,1,13.0,12.5,75
"Yes, I agree",18-20,Male,University of Jaffna,IT / Computer Science,Year 3,"LKR 200,001 – 300,000",3.00 – 3.49,Slightly better than average,4–5 courses,4–5 assignments,Sometimes,Very light,Most of the time (75–99%),6–10 hours,7–14 days before,11–15 hours,10–15 hours,50–69%,Yes,10–15 hours,Personal expenses,No impact,Freelance / Online work,Good,Very high,4–5 hours,Rarely,Low,Personal laptop / computer,30–60 minutes,1,1,3,13.0,12.5,60
"Yes, I agree",21-23,Female,University of Jaffna,IT / Computer Science,Year 3,"LKR 200,001 – 300,000",2.50 – 2.99,About average,4–5 courses,4–5 assignments,Rarely,Light,Most of the time (75–99%),6–10 hours,4–6 days before,5–10 hours,Less than 10 hours,50–69%,Yes,16–20 hours,Financial support for family,Slightly negative impact,Freelance / Online work,Good,High,Less than 4 hours,Sometimes,High,Stable internet connection,30–60 minutes,0,2,3,7.5,18.0,60
"Yes, I agree",18-20,Male,University of Moratuwa,Engineering,Year 2,"LKR 200,001 – 300,000",2.50 – 2.99,About average,6–7 courses,4–5 assignments,Rarely,Moderate,Most of the time (75–99%),2–5 hours,1–3 days before,5–10 hours,10–15 hours,70–79%,No,Not applicable (I do not have a job),Not applicable (I do not have a job),Not applicable (I do not have a job),Not applicable(I do not have a job),Good,High,8–9 hours,Often,High,Personal laptop / computer,30–60 minutes,0,3,3,7.5,0.0,75
"Yes, I agree",21-23,Female,University of Colombo,Arts / Humanities,Year 3,"LKR 100,001 – 200,000",3.00 – 3.49,About average,4–5 courses,0–1 assignments,Sometimes,Moderate,Rarely (25–49%),2–5 hours,More than 14 days before,Less than 5 hours,16–20 hours,50–69%,Yes,21–30 hours,Financial support for family,Slightly positive impact,Freelance / Online work,Good,Moderate,8–9 hours,Sometimes,High,Required textbooks,30–60 minutes,1,3,1,2.5,25.5,60
"Yes, I agree",21-23,Female,University of Colombo,IT / Computer Science,Year 2,"LKR 200,001 – 300,000",2.00 – 2.49,Slightly below average,4–5 courses,0–1 assignments,Sometimes,Moderate,Sometimes (50–74%),6–10 hours,7–14 days before,5–10 hours,10–15 hours,50–69%,Yes,21–30 hours,Financial support for studies;Work experience,No impact,Tutoring / Teaching,Good,High,4–5 hours,Rarely,Very high,Quiet study space;Required textbooks,Less than 30 minutes,0,3,1,7.5,25.5,60
"Yes, I agree",21-23,Male,Wayamba University,Science,Year 3,"Below LKR 50,000",2.00 – 2.49,Slightly better than average,1–3 courses,0–1 assignments,Rarely,Light,Always (100%),Less than 2 hours,7–14 days before,Less than 5 hours,16–20 hours,50–69%,Yes,16–20 hours,Personal expenses,Slightly positive impact,Freelance / Online work,Good,High,6–7 hours,Sometimes,High,Personal laptop / computer,30–60 minutes,0,2,1,2.5,18.0,60
"Yes, I agree",21-23,Female,University of Colombo,Medicine / Health Sciences,Year 1,"Below LKR 50,000",2.00 – 2.49,Slightly better than average,4–5 courses,0–1 assignments,Rarely,Very light,Most of the time (75–99%),2–5 hours,7–14 days before,5–10 hours,10–15 hours,70–79%,Yes,Less than 10 hours,Personal expenses,Slightly negative impact,Shop / Restaurant / Retail,Average,Very high,4–5 hours,Rarely,Low,Personal laptop / computer,30–60 minutes,0,1,1,7.5,5.0,75
"Yes, I agree",21-23,Female,University of Colombo,Medicine / Health Sciences,Year 1,"LKR 100,001 – 200,000",2.00 – 2.49,Slightly better than average,1–3 courses,0–1 assignments,Sometimes,Light,Most of the time (75–99%),6–10 hours,1–3 days before,5–10 hours,16–20 hours,Below 50%,Yes,10–15 hours,Financial support for family,Very negative impact,Delivery / Driver,Good,Moderate,Less than 4 hours,Rarely,Moderate,Required textbooks,30–60 minutes,0,2,1,7.5,12.5,25
"Yes, I agree",27+,Female,Wayamba University,Science,Year 2,"LKR 100,001 – 200,000",2.50 – 2.99,About average,6–7 courses,2–3 assignments,Never,Light,Sometimes (50–74%),6–10 hours,4–6 days before,5–10 hours,21–25 hours,70–79%,No,Not applicable (I do not have a job),Not applicable (I do not have a job),Not applicable (I do not have a job),Not applicable(I do not have a job),Good,High,4–5 hours,Sometimes,Moderate,Quiet study space,30–60 minutes,0,2,2,7.5,0.0,75
"Yes, I agree",21-23,Male,University of Moratuwa,Engineering,Year 2,Prefer not to say,2.50 – 2.99,Slightly better than average,6–7 courses,4–5 assignments,Sometimes,Light,Always (100%),6–10 hours,4–6 days before,11–15 hours,10–15 hours,70–79%,No,Not applicable (I do not have a job),Not applicable (I do not have a job),Not applicable (I do not have a job),Not applicable(I do not have a job),Poor,Low,4–5 hours,Rarely,High,Stable internet connection;Personal laptop / computer;Quiet study space,I stay at the university hostel / near campus,0,2,3,13.0,0.0,75
"Yes, I agree",24-26,Female,University of Ruhuna,Engineering,Year 3,Prefer not to say,3.00 – 3.49,Slightly better than average,8 or more courses,2–3 assignments,Often,Heavy,Always (100%),2–5 hours,7–14 days before,Less than 5 hours,10–15 hours,80–89%,No,Not applicable (I do not have a job),Not applicable (I do not have a job),Not applicable (I do not have a job),Not applicable(I do not have a job),Average,Moderate,6–7 hours,Often,Moderate,Stable internet connection;Personal laptop / computer;Quiet study space,More than 2 hours,1,4,2,2.5,0.0,85
"Yes, I agree",24-26,Female,Open University of Sri Lanka,Arts / Humanities,Year 1,"LKR 50,000 – 100,000",2.00 – 2.49,Slightly better than average,1–3 courses,4–5 assignments,Rarely,Light,Rarely (25–49%),More than 15 hours,1–3 days before,11–15 hours,16–20 hours,80–89%,Yes,21–30 hours,Financial support for family,Slightly negative impact,Shop / Restaurant / Retail,Good,Low,4–5 hours,Rarely,Moderate,Personal laptop / computer;Quiet study space,1–2 hours,0,2,3,13.0,25.5,85
"Yes, I agree",21-23,Female,Rajarata University,Medicine / Health Sciences,Year 2,"LKR 200,001 – 300,000",2.50 – 2.99,About average,6–7 courses,6 or more assignments,Never,Very light,Most of the time (75–99%),11–15 hours,4–6 days before,11–15 hours,16–20 hours,70–79%,No,Not applicable (I do not have a job),Not applicable (I do not have a job),Not applicable (I do not have a job),Not applicable(I do not have a job),Average,Moderate,6–7 hours,Sometimes,Low,Required textbooks,I stay at the university hostel / near campus,0,1,4,13.0,0.0,75
"Yes, I agree",21-23,Female,Horizon Campus,Business / Management,Year 3,"LKR 100,001 – 200,000",3.00 – 3.49,About average,4–5 courses,4–5 assignments,Sometimes,Light,Most of the time (75–99%),2–5 hours,4–6 days before,5–10 hours,16–20 hours,50–69%,Yes,Less than 10 hours,Financial support for studies,Slightly positive impact,Tutoring / Teaching,Poor,Moderate,6–7 hours,Sometimes,High,Personal laptop / computer,1–2 hours,1,2,3,7.5,5.0,60
"Yes, I agree",24-26,Male,University of Kelaniya,Science,Year 3,"LKR 50,000 – 100,000",2.50 – 2.99,About average,8 or more courses,4–5 assignments,Sometimes,Very light,Most of the time (75–99%),2–5 hours,7–14 days before,Less than 5 hours,10–15 hours,Below 50%,Yes,16–20 hours,Work experience,No impact,Delivery / Driver,Poor,High,4–5 hours,Sometimes,Low,Personal laptop / computer;Required textbooks,1–2 hours,0,1,3,2.5,18.0,25
"Yes, I agree",18-20,Female,University of Colombo,Science,Year 2,"LKR 200,001 – 300,000",2.50 – 2.99,About average,6–7 courses,2–3 assignments,Often,Heavy,Rarely (25–49%),11–15 hours,4–6 days before,5–10 hours,10–15 hours,50–69%,Yes,16–20 hours,Work experience,Slightly negative impact,Freelance / Online work,Good,Moderate,4–5 hours,Often,High,Stable internet connection;Quiet study space,Less than 30 minutes,0,4,2,7.5,18.0,60
"Yes, I agree",21-23,Female,University of Peradeniya,Engineering,Year 2,"Below LKR 50,000",3.00 – 3.49,About average,8 or more courses,0–1 assignments,Sometimes,Moderate,Rarely (25–49%),More than 15 hours,4–6 days before,5–10 hours,16–20 hours,50–69%,Yes,21–30 hours,Other,No impact,Shop / Restaurant / Retail,Good,Low,6–7 hours,Rarely,Very high,Quiet study space,I stay at the university hostel / near campus,1,3,1,7.5,25.5,60
"Yes, I agree",27+,Female,University of Ruhuna,Arts / Humanities,Year 4,"LKR 200,001 – 300,000",2.00 – 2.49,About average,6–7 courses,2–3 assignments,Sometimes,Moderate,Rarely (25–49%),6–10 hours,1–3 days before,11–15 hours,16–20 hours,70–79%,Yes,16–20 hours,Financial support for studies;Financial support for family,Slightly negative impact,Tutoring / Teaching,Excellent,High,Less than 4 hours,Never,High,Stable internet connection;Personal laptop / computer;Quiet study space;Required textbooks,Less than 30 minutes,0,3,2,13.0,18.0,75
"Yes, I agree",24-26,Male,University of Peradeniya,Medicine / Health Sciences,Year 3,"LKR 200,001 – 300,000",2.50 – 2.99,About average,6–7 courses,2–3 assignments,Often,Very light,Rarely (25–49%),6–10 hours,1–3 days before,11–15 hours,21–25 hours,70–79%,Yes,16–20 hours,Personal expenses,Very positive impact,Freelance / Online work,Excellent,High,8–9 hours,Often,High,Stable internet connection;Personal laptop / computer,Less than 30 minutes,0,1,2,13.0,18.0,75
"Yes, I agree",24-26,Female,Rajarata University,Medicine / Health Sciences,Year 2,"LKR 100,001 – 200,000",3.00 – 3.49,About average,6–7 courses,2–3 assignments,Sometimes,Moderate,Rarely (25–49%),11–15 hours,1–3 days before,11–15 hours,16–20 hours,70–79%,No,Not applicable (I do not have a job),Not applicable (I do not have a job),Not applicable (I do not have a job),Not applicable(I do not have a job),Poor,Low,8–9 hours,Often,Moderate,Quiet study space,I stay at the university hostel / near campus,1,3,2,13.0,0.0,75
"Yes, I agree",18-20,Female,University of Jaffna,Business / Management,Year 1,"Below LKR 50,000",2.00 – 2.49,Slightly below average,4–5 courses,0–1 assignments,Rarely,Light,Rarely (25–49%),2–5 hours,1–3 days before,5–10 hours,10–15 hours,50–69%,Yes,16–20 hours,Personal expenses,Slightly negative impact,Shop / Restaurant / Retail,Average,Moderate,6–7 hours,Sometimes,High,Personal laptop / computer,I stay at the university hostel / near campus,0,2,1,7.5,18.0,60
"Yes, I agree",18-20,Male,University of Kelaniya,Medicine / Health Sciences,Year 2,"LKR 100,001 – 200,000",2.00 – 2.49,About average,6–7 courses,6 or more assignments,Often,Moderate,Rarely (25–49%),11–15 hours,1–3 days before,5–10 hours,16–20 hours,70–79%,No,Not applicable (I do not have a job),Not applicable (I do not have a job),Not applicable (I do not have a job),Not applicable(I do not have a job),Average,Low,4–5 hours,Sometimes,High,Stable internet connection;Personal laptop / computer;Quiet study space;Required textbooks,30–60 minutes,0,3,4,7.5,0.0,75
"Yes, I agree",21-23,Male,University of Ruhuna,Law,Year 3,"LKR 100,001 – 200,000",2.00 – 2.49,About average,6–7 courses,2–3 assignments,Rarely,Moderate,Sometimes (50–74%),2–5 hours,More than 14 days before,5–10 hours,Less than 10 hours,50–69%,Yes,Less than 10 hours,Financial support for studies,Slightly positive impact,Other,Average,Moderate,6–7 hours,Rarely,Very low,Stable internet connection;Personal laptop / computer,30–60 minutes,0,3,2,7.5,5.0,60
"Yes, I agree",18-20,Female,University of Ruhuna,IT / Computer Science,Year 2,"LKR 100,001 – 200,000",3.00 – 3.49,About average,6–7 courses,4–5 assignments,Often,Moderate,Rarely (25–49%),11–15 hours,4–6 days before,5–10 hours,Less than 10 hours,50–69%,No,Not applicable (I do not have a job),Not applicable (I do not have a job),Not applicable (I do not have a job),Not applicable(I do not have a job),Poor,Low,8–9 hours,Often,Very low,Quiet study space,Less than 30 minutes,1,3,3,7.5,0.0,60
"Yes, I agree",21-23,Male,University of Jaffna,Engineering,Year 2,"Above LKR 300,000",2.00 – 2.49,About average,6–7 courses,2–3 assignments,Sometimes,Very light,Sometimes (50–74%),11–15 hours,1–3 days before,11–15 hours,16–20 hours,50–69%,No,Not applicable (I do not have a job),Not applicable (I do not have a job),Not applicable (I do not have a job),Not applicable(I do not have a job),Good,High,4–5 hours,Sometimes,Moderate,Personal laptop / computer;Quiet study space,More than 2 hours,0,1,2,13.0,0.0,60
"Yes, I agree",21-23,Female,University of Colombo,Business / Management,Year 3,Prefer not to say,2.00 – 2.49,Slightly below average,4–5 courses,2–3 assignments,Rarely,Light,Most of the time (75–99%),11–15 hours,4–6 days before,16–20 hours,16–20 hours,50–69%,Yes,16–20 hours,Financial support for family;Work experience,Slightly positive impact,Delivery / Driver,Average,Moderate,6–7 hours,Often,Low,Personal laptop / computer;Quiet study space,30–60 minutes,0,2,2,18.0,18.0,60
"Yes, I agree",18-20,Female,University of Jaffna,Engineering,Year 4,"LKR 50,000 – 100,000",2.00 – 2.49,Slightly better than average,4–5 courses,0–1 assignments,Always,Light,Always (100%),11–15 hours,On the day of the exam,11–15 hours,16–20 hours,Below 50%,No,Not applicable (I do not have a job),Not applicable (I do not have a job),Not applicable (I do not have a job),Not applicable(I do not have a job),Average,Moderate,4–5 hours,Often,High,Personal laptop / computer,Less than 30 minutes,0,2,1,13.0,0.0,25
"Yes, I agree",18-20,Male,University of Moratuwa,Arts / Humanities,Year 2,"LKR 100,001 – 200,000",2.00 – 2.49,Slightly below average,4–5 courses,2–3 assignments,Often,Light,Most of the time (75–99%),2–5 hours,1–3 days before,5–10 hours,16–20 hours,50–69%,Yes,Less than 10 hours,Financial support for family,Slightly positive impact,Freelance / Online work,Good,Moderate,6–7 hours,Sometimes,Low,Personal laptop / computer,30–60 minutes,0,2,2,7.5,5.0,60
"Yes, I agree",21-23,Male,Wayamba University,Business / Management,Year 1,"LKR 200,001 – 300,000",Below 2.00,About average,6–7 courses,4–5 assignments,Rarely,Heavy,Rarely (25–49%),6–10 hours,1–3 days before,Less than 5 hours,16–20 hours,Below 50%,Yes,16–20 hours,Personal expenses,Slightly positive impact,Shop / Restaurant / Retail,Average,Moderate,4–5 hours,Sometimes,Low,Personal laptop / computer,Less than 30 minutes,0,4,3,2.5,18.0,25
"Yes, I agree",18-20,Male,University of Colombo,Medicine / Health Sciences,Year 2,"LKR 100,001 – 200,000",2.50 – 2.99,Slightly below average,6–7 courses,2–3 assignments,Often,Light,Rarely (25–49%),11–15 hours,1–3 days before,Less than 5 hours,21–25 hours,70–79%,No,Not applicable (I do not have a job),Not applicable (I do not have a job),Not applicable (I do not have a job),Not applicable(I do not have a job),Poor,Moderate,4–5 hours,Rarely,Moderate,Quiet study space,30–60 minutes,0,2,2,2.5,0.0,75
"Yes, I agree",18-20,Male,University of Jaffna,Arts / Humanities,Year 3,"LKR 50,000 – 100,000",2.50 – 2.99,Slightly below average,8 or more courses,4–5 assignments,Often,Light,Sometimes (50–74%),2–5 hours,On the day of the exam,5–10 hours,10–15 hours,80–89%,No,Not applicable (I do not have a job),Not applicable (I do not have a job),Not applicable (I do not have a job),Not applicable(I do not have a job),Very poor,Moderate,4–5 hours,Sometimes,High,Quiet study space,I stay at the university hostel / near campus,0,2,3,7.5,0.0,85
"Yes, I agree",21-23,Female,University of Colombo,Engineering,Year 3,"LKR 100,001 – 200,000",2.00 – 2.49,About average,4–5 courses,2–3 assignments,Sometimes,Moderate,Most of the time (75–99%),6–10 hours,More than 14 days before,5–10 hours,16–20 hours,Below 50%,Yes,10–15 hours,Work experience,No impact,Shop / Restaurant / Retail,Average,Moderate,Less than 4 hours,Sometimes,High,Personal laptop / computer,1–2 hours,0,3,2,7.5,12.5,25
"Yes, I agree",18-20,Male,Sabaragamuwa University,Medicine / Health Sciences,Year 2,"Below LKR 50,000",Below 2.00,Slightly better than average,6–7 courses,2–3 assignments,Rarely,Light,Rarely (25–49%),6–10 hours,4–6 days before,11–15 hours,10–15 hours,50–69%,Yes,10–15 hours,Financial support for family,No impact,Freelance / Online work,Good,High,6–7 hours,Rarely,Moderate,Stable internet connection,30–60 minutes,0,2,2,13.0,12.5,60
"Yes, I agree",21-23,Prefer not to say,Horizon Campus,Business / Management,Year 3,"LKR 100,001 – 200,000",2.00 – 2.49,About average,6–7 courses,6 or more assignments,Always,Light,Sometimes (50–74%),2–5 hours,4–6 days before,11–15 hours,Less than 10 hours,Below 50%,Yes,10–15 hours,Financial support for studies,Slightly positive impact,Shop / Restaurant / Retail,Average,Moderate,4–5 hours,Sometimes,Moderate,Stable internet connection,I stay at the university hostel / near campus,0,2,4,13.0,12.5,25
"Yes, I agree",21-23,Female,Sabaragamuwa University,Medicine / Health Sciences,Year 1,"LKR 100,001 – 200,000",2.00 – 2.49,About average,4–5 courses,2–3 assignments,Rarely,Light,Sometimes (50–74%),Less than 2 hours,4–6 days before,5–10 hours,16–20 hours,50–69%,Yes,16–20 hours,Work experience,Slightly positive impact,Office / Clerical work,Poor,High,4–5 hours,Often,High,Quiet study space,30–60 minutes,0,2,2,7.5,18.0,60
"Yes, I agree",21-23,Female,University of Kelaniya,Medicine / Health Sciences,Year 2,"LKR 100,001 – 200,000",2.50 – 2.99,Slightly better than average,1–3 courses,6 or more assignments,Always,Very light,Sometimes (50–74%),11–15 hours,On the day of the exam,11–15 hours,Less than 10 hours,50–69%,No,Not applicable (I do not have a job),Not applicable (I do not have a job),Not applicable (I do not have a job),Not applicable(I do not have a job),Good,Low,6–7 hours,Sometimes,Very high,Stable internet connection,30–60 minutes,0,1,4,13.0,0.0,60
"Yes, I agree",21-23,Female,Horizon Campus,Engineering,Year 3,"Above LKR 300,000",3.00 – 3.49,Slightly better than average,4–5 courses,2–3 assignments,Often,Moderate,Rarely (25–49%),2–5 hours,4–6 days before,11–15 hours,21–25 hours,80–89%,Yes,More than 30 hours,Personal expenses,No impact,Delivery / Driver,Good,High,8–9 hours,Often,Moderate,Required textbooks,1–2 hours,1,3,2,13.0,35.0,85
"Yes, I agree",18-20,Male,University of Jaffna,Business / Management,Year 3,Prefer not to say,3.00 – 3.49,Slightly below average,8 or more courses,4–5 assignments,Always,Moderate,Rarely (25–49%),6–10 hours,4–6 days before,5–10 hours,21–25 hours,Below 50%,Yes,Less than 10 hours,Personal expenses,No impact,Shop / Restaurant / Retail,Average,Very low,4–5 hours,Often,Low,Quiet study space,30–60 minutes,1,3,3,7.5,5.0,25
"Yes, I agree",21-23,Female,University of Kelaniya,Arts / Humanities,Year 3,"LKR 100,001 – 200,000",2.50 – 2.99,Slightly better than average,6–7 courses,4–5 assignments,Sometimes,Very light,Sometimes (50–74%),6–10 hours,4–6 days before,11–15 hours,16–20 hours,50–69%,Yes,16–20 hours,Personal expenses,Slightly negative impact,Delivery / Driver,Excellent,Moderate,4–5 hours,Sometimes,Moderate,Quiet study space,30–60 minutes,0,1,3,13.0,18.0,60
"Yes, I agree",21-23,Female,Horizon Campus,Engineering,Year 1,"LKR 100,001 – 200,000",2.50 – 2.99,Slightly better than average,6–7 courses,2–3 assignments,Sometimes,Light,Sometimes (50–74%),2–5 hours,4–6 days before,11–15 hours,16–20 hours,50–69%,Yes,16–20 hours,Personal expenses,Slightly positive impact,Delivery / Driver,Good,Moderate,4–5 hours,Sometimes,Moderate,Quiet study space,30–60 minutes,0,2,2,13.0,18.0,60
"Yes, I agree",21-23,Male,University of Peradeniya,Medicine / Health Sciences,Year 2,"Below LKR 50,000",Below 2.00,Much better than average,4–5 courses,4–5 assignments,Sometimes,Light,Rarely (25–49%),6–10 hours,4–6 days before,16–20 hours,16–20 hours,50–69%,No,Not applicable (I do not have a job),Not applicable (I do not have a job),Not applicable (I do not have a job),Not applicable(I do not have a job),Average,Low,8–9 hours,Often,Moderate,Stable internet connection,30–60 minutes,0,2,3,18.0,0.0,60
"Yes, I agree",18-20,Female,University of Ruhuna,Arts / Humanities,Year 3,"LKR 50,000 – 100,000",Below 2.00,Much better than average,6–7 courses,2–3 assignments,Sometimes,Light,Most of the time (75–99%),6–10 hours,7–14 days before,11–15 hours,Less than 10 hours,70–79%,Yes,16–20 hours,Personal expenses,No impact,Freelance / Online work,Good,Moderate,4–5 hours,Often,Moderate,Quiet study space,Less than 30 minutes,0,2,2,13.0,18.0,75
"Yes, I agree",18-20,Male,University of Colombo,Business / Management,Year 3,"LKR 200,001 – 300,000",3.00 – 3.49,About average,4–5 courses,2–3 assignments,Rarely,Heavy,Rarely (25–49%),2–5 hours,1–3 days before,11–15 hours,Less than 10 hours,Below 50%,No,Not applicable (I do not have a job),Not applicable (I do not have a job),Not applicable (I do not have a job),Not applicable(I do not have a job),Good,Low,6–7 hours,Rarely,Moderate,Personal laptop / computer,Less than 30 minutes,1,4,2,13.0,0.0,25
"Yes, I agree",18-20,Male,University of Kelaniya,Business / Management,Year 2,"Below LKR 50,000",2.00 – 2.49,About average,4–5 courses,4–5 assignments,Rarely,Moderate,Sometimes (50–74%),2–5 hours,1–3 days before,16–20 hours,16–20 hours,80–89%,Yes,More than 30 hours,Other,No impact,Freelance / Online work,Good,High,8–9 hours,Rarely,Moderate,Personal laptop / computer,30–60 minutes,0,3,3,18.0,35.0,85
"Yes, I agree",21-23,Male,University of Peradeniya,Engineering,Year 1,"Below LKR 50,000",2.00 – 2.49,Slightly better than average,4–5 courses,2–3 assignments,Often,Light,Most of the time (75–99%),6–10 hours,7–14 days before,5–10 hours,21–25 hours,80–89%,Yes,16–20 hours,Personal expenses,Slightly negative impact,Shop / Restaurant / Retail,Good,Very high,4–5 hours,Sometimes,High,Quiet study space;Required textbooks,1–2 hours,0,2,2,7.5,18.0,85
"Yes, I agree",24-26,Female,University of Kelaniya,Arts / Humanities,Year 2,"LKR 200,001 – 300,000",2.00 – 2.49,Much better than average,4–5 courses,2–3 assignments,Rarely,Light,Most of the time (75–99%),6–10 hours,4–6 days before,11–15 hours,16–20 hours,50–69%,Yes,10–15 hours,Personal expenses,No impact,Delivery / Driver,Average,Low,6–7 hours,Sometimes,High,Quiet study space,30–60 minutes,0,2,2,13.0,12.5,60
"Yes, I agree",18-20,Male,University of Moratuwa,Engineering,Year 4,"Above LKR 300,000",3.00 – 3.49,Slightly better than average,6–7 courses,2–3 assignments,Sometimes,Heavy,Always (100%),2–5 hours,4–6 days before,11–15 hours,16–20 hours,50–69%,Yes,Less than 10 hours,Personal expenses,Slightly negative impact,Tutoring / Teaching,Good,High,4–5 hours,Sometimes,Very high,Stable internet connection;Quiet study space,Less than 30 minutes,1,4,2,13.0,5.0,60
"Yes, I agree",21-23,Male,University of Sri Jayewardenepura,Science,Year 3,Prefer not to say,3.00 – 3.49,Slightly below average,1–3 courses,2–3 assignments,Always,Moderate,Most of the time (75–99%),6–10 hours,4–6 days before,16–20 hours,21–25 hours,70–79%,No,Not applicable (I do not have a job),Not applicable (I do not have a job),Not applicable (I do not have a job),Not applicable(I do not have a job),Very poor,High,8–9 hours,Often,Moderate,Personal laptop / computer;Quiet study space,1–2 hours,1,3,2,18.0,0.0,75
"Yes, I agree",24-26,Female,Wayamba University,Business / Management,Year 3,"LKR 200,001 – 300,000",3.50 – 4.00,Slightly below average,6–7 courses,0–1 assignments,Sometimes,Very light,Sometimes (50–74%),6–10 hours,7–14 days before,16–20 hours,16–20 hours,50–69%,Yes,16–20 hours,Financial support for family,Slightly negative impact,Freelance / Online work,Average,High,More than 9 hours,Sometimes,High,Stable internet connection,1–2 hours,1,1,1,18.0,18.0,60
"Yes, I agree",21-23,Female,Sabaragamuwa University,Medicine / Health Sciences,Year 2,"LKR 100,001 – 200,000",2.00 – 2.49,About average,4–5 courses,2–3 assignments,Sometimes,Light,Always (100%),11–15 hours,4–6 days before,11–15 hours,10–15 hours,Below 50%,Yes,More than 30 hours,Personal expenses,No impact,Delivery / Driver,Good,Low,6–7 hours,Sometimes,Moderate,Quiet study space,Less than 30 minutes,0,2,2,13.0,35.0,25
"Yes, I agree",18-20,Prefer not to say,Horizon Campus,Engineering,Year 2,"LKR 100,001 – 200,000",2.00 – 2.49,Much below average,1–3 courses,2–3 assignments,Sometimes,Light,Most of the time (75–99%),6–10 hours,1–3 days before,11–15 hours,16–20 hours,80–89%,No,Not applicable (I do not have a job),Not applicable (I do not have a job),Not applicable (I do not have a job),Not applicable(I do not have a job),Good,Moderate,6–7 hours,Rarely,High,Personal laptop / computer;Quiet study space,I stay at the university hostel / near campus,0,2,2,13.0,0.0,85
"Yes, I agree",21-23,Male,University of Kelaniya,Arts / Humanities,Year 2,"LKR 100,001 – 200,000",2.00 – 2.49,Slightly better than average,8 or more courses,0–1 assignments,Rarely,Very light,Sometimes (50–74%),6–10 hours,4–6 days before,5–10 hours,21–25 hours,70–79%,Yes,21–30 hours,Work experience,Slightly positive impact,Shop / Restaurant / Retail,Average,Moderate,8–9 hours,Never,Low,Quiet study space,1–2 hours,0,1,1,7.5,25.5,75
"Yes, I agree",27+,Female,University of Jaffna,Science,Year 4,"LKR 200,001 – 300,000",3.00 – 3.49,About average,6–7 courses,4–5 assignments,Sometimes,Light,Most of the time (75–99%),Less than 2 hours,More than 14 days before,16–20 hours,16–20 hours,70–79%,Yes,21–30 hours,Financial support for family,Slightly negative impact,Shop / Restaurant / Retail,Average,High,6–7 hours,Sometimes,Moderate,Personal laptop / computer,30–60 minutes,1,2,3,18.0,25.5,75
"Yes, I agree",21-23,Female,Horizon Campus,IT / Computer Science,Year 1,"LKR 200,001 – 300,000",2.50 – 2.99,About average,4–5 courses,2–3 assignments,Often,Light,Sometimes (50–74%),More than 15 hours,7–14 days before,16–20 hours,10–15 hours,50–69%,Yes,Less than 10 hours,Other,Very positive impact,Office / Clerical work,Average,Moderate,4–5 hours,Sometimes,Moderate,Stable internet connection;Quiet study space,30–60 minutes,0,2,2,18.0,5.0,60
"Yes, I agree",18-20,Prefer not to say,University of Kelaniya,Arts / Humanities,Year 1,Prefer not to say,3.00 – 3.49,Much better than average,6–7 courses,4–5 assignments,Sometimes,Light,Sometimes (50–74%),11–15 hours,More than 14 days before,11–15 hours,Less than 10 hours,70–79%,Yes,21–30 hours,Financial support for studies,Very negative impact,Shop / Restaurant / Retail,Excellent,Very high,6–7 hours,Never,Very high,Stable internet connection,30–60 minutes,1,2,3,13.0,25.5,75
"Yes, I agree",21-23,Female,Wayamba University,Education,Year 3,"Above LKR 300,000",2.50 – 2.99,About average,6–7 courses,4–5 assignments,Sometimes,Moderate,Rarely (25–49%),2–5 hours,1–3 days before,11–15 hours,16–20 hours,70–79%,Yes,21–30 hours,Personal expenses,No impact,Shop / Restaurant / Retail,Good,High,6–7 hours,Rarely,High,Personal laptop / computer,1–2 hours,0,3,3,13.0,25.5,75
"Yes, I agree",21-23,Female,Horizon Campus,IT / Computer Science,Year 2,"Below LKR 50,000",Below 2.00,Slightly better than average,6–7 courses,2–3 assignments,Sometimes,Very heavy,Most of the time (75–99%),6–10 hours,1–3 days before,11–15 hours,10–15 hours,Below 50%,No,Not applicable (I do not have a job),Not applicable (I do not have a job),Not applicable (I do not have a job),Not applicable(I do not have a job),Poor,Moderate,4–5 hours,Never,High,Personal laptop / computer;Required textbooks,30–60 minutes,0,5,2,13.0,0.0,25
"Yes, I agree",24-26,Female,University of Kelaniya,Arts / Humanities,Year 3,"Above LKR 300,000",Below 2.00,Slightly below average,4–5 courses,4–5 assignments,Often,Heavy,Sometimes (50–74%),11–15 hours,7–14 days before,5–10 hours,16–20 hours,70–79%,Yes,10–15 hours,Financial support for family,Slightly positive impact,Shop / Restaurant / Retail,Average,Moderate,6–7 hours,Sometimes,Moderate,Personal laptop / computer,30–60 minutes,0,4,3,7.5,12.5,75
"Yes, I agree",18-20,Female,Horizon Campus,Education,Year 4,"LKR 200,001 – 300,000",2.50 – 2.99,About average,6–7 courses,2–3 assignments,Rarely,Light,Most of the time (75–99%),2–5 hours,4–6 days before,5–10 hours,16–20 hours,70–79%,No,Not applicable (I do not have a job),Not applicable (I do not have a job),Not applicable (I do not have a job),Not applicable(I do not have a job),Good,Low,8–9 hours,Always,Moderate,Personal laptop / computer,Less than 30 minutes,0,2,2,7.5,0.0,75
"Yes, I agree",18-20,Female,University of Peradeniya,Engineering,Year 2,"LKR 50,000 – 100,000",2.00 – 2.49,Slightly below average,8 or more courses,0–1 assignments,Sometimes,Very light,Always (100%),Less than 2 hours,4–6 days before,11–15 hours,10–15 hours,70–79%,No,Not applicable (I do not have a job),Not applicable (I do not have a job),Not applicable (I do not have a job),Not applicable(I do not have a job),Average,Moderate,4–5 hours,Rarely,High,Stable internet connection;Required textbooks,Less than 30 minutes,0,1,1,13.0,0.0,75
"Yes, I agree",21-23,Female,Sabaragamuwa University,Medicine / Health Sciences,Year 3,"LKR 200,001 – 300,000",Below 2.00,Much below average,6–7 courses,4–5 assignments,Often,Moderate,Sometimes (50–74%),11–15 hours,7–14 days before,5–10 hours,16–20 hours,80–89%,Yes,Less than 10 hours,Personal expenses,No impact,Shop / Restaurant / Retail,Average,Very high,6–7 hours,Sometimes,Very high,Quiet study space,30–60 minutes,0,3,3,7.5,5.0,85
"Yes, I agree",21-23,Male,Wayamba University,Arts / Humanities,Year 2,"LKR 50,000 – 100,000",2.00 – 2.49,About average,6–7 courses,4–5 assignments,Rarely,Moderate,Most of the time (75–99%),6–10 hours,7–14 days before,Less than 5 hours,10–15 hours,70–79%,Yes,21–30 hours,Financial support for family,Slightly negative impact,Office / Clerical work,Average,Moderate,6–7 hours,Never,Low,Required textbooks,30–60 minutes,0,3,3,2.5,25.5,75
"Yes, I agree",24-26,Female,Other,Science,Year 3,"Above LKR 300,000",2.50 – 2.99,Slightly better than average,8 or more courses,4–5 assignments,Always,Moderate,Sometimes (50–74%),2–5 hours,More than 14 days before,Less than 5 hours,Less than 10 hours,70–79%,No,Not applicable (I do not have a job),Not applicable (I do not have a job),Not applicable (I do not have a job),Not applicable(I do not have a job),Very poor,High,8–9 hours,Sometimes,Moderate,Personal laptop / computer;Required textbooks,I stay at the university hostel / near campus,0,3,3,2.5,0.0,75
"Yes, I agree",24-26,Female,University of Colombo,Business / Management,Year 2,"Above LKR 300,000",2.50 – 2.99,Much below average,1–3 courses,6 or more assignments,Always,Moderate,Rarely (25–49%),6–10 hours,More than 14 days before,5–10 hours,16–20 hours,70–79%,Yes,21–30 hours,Financial support for family;Personal expenses,No impact,Freelance / Online work,Good,Low,6–7 hours,Rarely,Low,Stable internet connection;Personal laptop / computer,Less than 30 minutes,0,3,4,7.5,25.5,75
"Yes, I agree",21-23,Female,University of Kelaniya,Education,Year 3,"Below LKR 50,000",2.00 – 2.49,About average,6–7 courses,4–5 assignments,Sometimes,Moderate,Most of the time (75–99%),2–5 hours,4–6 days before,11–15 hours,10–15 hours,80–89%,Yes,10–15 hours,Work experience,Slightly negative impact,Shop / Restaurant / Retail,Very poor,High,4–5 hours,Sometimes,Moderate,Required textbooks,30–60 minutes,0,3,3,13.0,12.5,85
"Yes, I agree",18-20,Male,University of Ruhuna,Medicine / Health Sciences,Year 2,"LKR 200,001 – 300,000",2.50 – 2.99,About average,1–3 courses,0–1 assignments,Sometimes,Moderate,Sometimes (50–74%),6–10 hours,4–6 days before,5–10 hours,10–15 hours,50–69%,Yes,16–20 hours,Personal expenses,Slightly positive impact,Freelance / Online work,Average,Moderate,4–5 hours,Sometimes,Moderate,Required textbooks,30–60 minutes,0,3,1,7.5,18.0,60
"Yes, I agree",21-23,Female,University of Jaffna,IT / Computer Science,Year 2,"LKR 100,001 – 200,000",2.00 – 2.49,Slightly better than average,1–3 courses,6 or more assignments,Rarely,Moderate,Most of the time (75–99%),2–5 hours,4–6 days before,5–10 hours,21–25 hours,80–89%,No,Not applicable (I do not have a job),Not applicable (I do not have a job),Not applicable (I do not have a job),Not applicable(I do not have a job),Good,Low,8–9 hours,Rarely,Moderate,Quiet study space,1–2 hours,0,3,4,7.5,0.0,85
"Yes, I agree",24-26,Female,University of Sri Jayewardenepura,Business / Management,Year 4,"LKR 200,001 – 300,000",2.50 – 2.99,Slightly better than average,6–7 courses,2–3 assignments,Often,Light,Sometimes (50–74%),2–5 hours,7–14 days before,11–15 hours,10–15 hours,50–69%,Yes,21–30 hours,Financial support for family;Work experience,Slightly negative impact,Tutoring / Teaching,Excellent,Very high,4–5 hours,Sometimes,High,Stable internet connection;Personal laptop / computer,30–60 minutes,0,2,2,13.0,25.5,60
"Yes, I agree",18-20,Female,Sabaragamuwa University,Medicine / Health Sciences,Year 1,"LKR 100,001 – 200,000",Below 2.00,About average,4–5 courses,2–3 assignments,Sometimes,Heavy,Rarely (25–49%),6–10 hours,1–3 days before,16–20 hours,Less than 10 hours,70–79%,Yes,21–30 hours,Other,Slightly negative impact,Office / Clerical work,Average,Moderate,6–7 hours,Sometimes,Moderate,Stable internet connection,30–60 minutes,0,4,2,18.0,25.5,75
"Yes, I agree",18-20,Male,University of Jaffna,Science,Year 1,"LKR 50,000 – 100,000",Below 2.00,About average,1–3 courses,2–3 assignments,Sometimes,Light,Most of the time (75–99%),2–5 hours,4–6 days before,11–15 hours,10–15 hours,50–69%,Yes,More than 30 hours,Personal expenses,Slightly positive impact,Office / Clerical work,Average,High,4–5 hours,Rarely,Moderate,Personal laptop / computer,1–2 hours,0,2,2,13.0,35.0,60
"Yes, I agree",21-23,Female,University of Moratuwa,Engineering,Year 2,"LKR 200,001 – 300,000",2.50 – 2.99,About average,6–7 courses,2–3 assignments,Often,Light,Most of the time (75–99%),6–10 hours,More than 14 days before,5–10 hours,Less than 10 hours,70–79%,No,Not applicable (I do not have a job),Not applicable (I do not have a job),Not applicable (I do not have a job),Not applicable(I do not have a job),Average,Moderate,6–7 hours,Sometimes,Very high,Quiet study space,Less than 30 minutes,0,2,2,7.5,0.0,75
"Yes, I agree",18-20,Female,University of Sri Jayewardenepura,Business / Management,Year 3,"LKR 200,001 – 300,000",3.00 – 3.49,Much better than average,1–3 courses,0–1 assignments,Never,Very light,Sometimes (50–74%),2–5 hours,7–14 days before,5–10 hours,10–15 hours,Below 50%,No,Not applicable (I do not have a job),Not applicable (I do not have a job),Not applicable (I do not have a job),Not applicable(I do not have a job),Good,High,4–5 hours,Sometimes,Moderate,Quiet study space,Less than 30 minutes,1,1,1,7.5,0.0,25
"Yes, I agree",21-23,Female,Sabaragamuwa University,IT / Computer Science,Year 1,"LKR 200,001 – 300,000",2.00 – 2.49,About average,1–3 courses,2–3 assignments,Rarely,Very light,Sometimes (50–74%),6–10 hours,More than 14 days before,Less than 5 hours,16–20 hours,80–89%,Yes,10–15 hours,Financial support for family,Slightly negative impact,Freelance / Online work,Good,Moderate,6–7 hours,Sometimes,Moderate,Quiet study space,30–60 minutes,0,1,2,2.5,12.5,85
"Yes, I agree",24-26,Male,University of Sri Jayewardenepura,Engineering,Year 1,"Below LKR 50,000",Below 2.00,Much better than average,6–7 courses,6 or more assignments,Often,Heavy,Sometimes (50–74%),2–5 hours,4–6 days before,11–15 hours,More than 25 hours,70–79%,No,Not applicable (I do not have a job),Not applicable (I do not have a job),Not applicable (I do not have a job),Not applicable(I do not have a job),Poor,Moderate,6–7 hours,Sometimes,High,Personal laptop / computer,30–60 minutes,0,4,4,13.0,0.0,75
"Yes, I agree",21-23,Male,University of Peradeniya,Business / Management,Year 1,"Above LKR 300,000",2.00 – 2.49,Much below average,1–3 courses,4–5 assignments,Often,Moderate,Sometimes (50–74%),2–5 hours,4–6 days before,11–15 hours,16–20 hours,Below 50%,No,Not applicable (I do not have a job),Not applicable (I do not have a job),Not applicable (I do not have a job),Not applicable(I do not have a job),Good,High,6–7 hours,Sometimes,Low,Quiet study space;Required textbooks,More than 2 hours,0,3,3,13.0,0.0,25
"Yes, I agree",21-23,Female,Horizon Campus,Medicine / Health Sciences,Year 1,"LKR 200,001 – 300,000",2.50 – 2.99,Slightly below average,4–5 courses,4–5 assignments,Rarely,Very light,Almost never (below 25%),2–5 hours,1–3 days before,11–15 hours,10–15 hours,50–69%,Yes,16–20 hours,Financial support for family,Very negative impact,Freelance / Online work,Good,Moderate,6–7 hours,Often,High,Stable internet connection;Personal laptop / computer,Less than 30 minutes,0,1,3,13.0,18.0,60
"Yes, I agree",21-23,Male,Rajarata University,Medicine / Health Sciences,Year 1,"LKR 50,000 – 100,000",2.00 – 2.49,Slightly better than average,4–5 courses,4–5 assignments,Sometimes,Moderate,Most of the time (75–99%),2–5 hours,1–3 days before,11–15 hours,21–25 hours,50–69%,Yes,Less than 10 hours,Financial support for family,Slightly negative impact,Freelance / Online work,Good,Moderate,Less than 4 hours,Sometimes,Moderate,Stable internet connection,Less than 30 minutes,0,3,3,13.0,5.0,60
"Yes, I agree",24-26,Male,University of Colombo,Science,Year 3,"Below LKR 50,000",2.50 – 2.99,Slightly better than average,8 or more courses,0–1 assignments,Never,Light,Most of the time (75–99%),2–5 hours,7–14 days before,5–10 hours,10–15 hours,50–69%,Yes,10–15 hours,Financial support for studies,No impact,Office / Clerical work,Average,Moderate,4–5 hours,Sometimes,Low,Personal laptop / computer;Required textbooks,30–60 minutes,0,2,1,7.5,12.5,60
"Yes, I agree",18-20,Male,South Eastern University,Science,Year 1,"LKR 200,001 – 300,000",2.50 – 2.99,Slightly better than average,1–3 courses,2–3 assignments,Rarely,Moderate,Most of the time (75–99%),6–10 hours,7–14 days before,5–10 hours,16–20 hours,Below 50%,No,Not applicable (I do not have a job),Not applicable (I do not have a job),Not applicable (I do not have a job),Not applicable(I do not have a job),Average,Low,8–9 hours,Sometimes,Very high,Stable internet connection;Required textbooks,Less than 30 minutes,0,3,2,7.5,0.0,25
"Yes, I agree",21-23,Male,University of Ruhuna,IT / Computer Science,Year 2,"LKR 200,001 – 300,000",2.50 – 2.99,Slightly better than average,4–5 courses,4–5 assignments,Often,Very heavy,Sometimes (50–74%),6–10 hours,More than 14 days before,Less than 5 hours,10–15 hours,50–69%,No,Not applicable (I do not have a job),Not applicable (I do not have a job),Not applicable (I do not have a job),Not applicable(I do not have a job),Poor,Moderate,6–7 hours,Rarely,Low,Personal laptop / computer;Quiet study space,30–60 minutes,0,5,3,2.5,0.0,60
"Yes, I agree",21-23,Male,University of Moratuwa,Engineering,Year 1,"LKR 200,001 – 300,000",3.00 – 3.49,Much better than average,4–5 courses,0–1 assignments,Rarely,Moderate,Sometimes (50–74%),11–15 hours,On the day of the exam,5–10 hours,Less than 10 hours,50–69%,No,Not applicable (I do not have a job),Not applicable (I do not have a job),Not applicable (I do not have a job),Not applicable(I do not have a job),Good,Very low,More than 9 hours,Always,High,Stable internet connection,1–2 hours,1,3,1,7.5,0.0,60
"Yes, I agree",24-26,Female,University of Peradeniya,Engineering,Year 1,"LKR 100,001 – 200,000",Below 2.00,Much better than average,6–7 courses,4–5 assignments,Often,Moderate,Rarely (25–49%),More than 15 hours,1–3 days before,16–20 hours,16–20 hours,70–79%,No,Not applicable (I do not have a job),Not applicable (I do not have a job),Not applicable (I do not have a job),Not applicable(I do not have a job),Very poor,Moderate,6–7 hours,Sometimes,High,Personal laptop / computer,Less than 30 minutes,0,3,3,18.0,0.0,75
"Yes, I agree",18-20,Female,University of Peradeniya,Medicine / Health Sciences,Year 2,"LKR 200,001 – 300,000",2.50 – 2.99,Slightly better than average,4–5 courses,4–5 assignments,Sometimes,Light,Sometimes (50–74%),6–10 hours,7–14 days before,Less than 5 hours,10–15 hours,Below 50%,No,Not applicable (I do not have a job),Not applicable (I do not have a job),Not applicable (I do not have a job),Not applicable(I do not have a job),Good,Moderate,8–9 hours,Sometimes,High,Personal laptop / computer,30–60 minutes,0,2,3,2.5,0.0,25
"Yes, I agree",18-20,Male,University of Peradeniya,Medicine / Health Sciences,Year 1,"Below LKR 50,000",2.00 – 2.49,Slightly better than average,6–7 courses,6 or more assignments,Sometimes,Moderate,Always (100%),2–5 hours,4–6 days before,Less than 5 hours,10–15 hours,50–69%,Yes,Less than 10 hours,Financial support for studies;Personal expenses,Slightly negative impact,Other,Good,High,6–7 hours,Rarely,High,Personal laptop / computer,I stay at the university hostel / near campus,0,3,4,2.5,5.0,60
"Yes, I agree",18-20,Male,Wayamba University,Science,Year 2,"Above LKR 300,000",2.00 – 2.49,Slightly below average,6–7 courses,4–5 assignments,Rarely,Very light,Always (100%),Less than 2 hours,More than 14 days before,5–10 hours,Less than 10 hours,70–79%,No,Not applicable (I do not have a job),Not applicable (I do not have a job),Not applicable (I do not have a job),Not applicable(I do not have a job),Average,Low,8–9 hours,Sometimes,Low,Personal laptop / computer;Quiet study space,1–2 hours,0,1,3,7.5,0.0,75
"Yes, I agree",18-20,Female,Horizon Campus,IT / Computer Science,Year 2,"LKR 50,000 – 100,000",2.50 – 2.99,Slightly better than average,6–7 courses,4–5 assignments,Often,Very light,Always (100%),6–10 hours,4–6 days before,11–15 hours,16–20 hours,50–69%,Yes,16–20 hours,Work experience,No impact,Delivery / Driver,Good,High,4–5 hours,Rarely,High,Stable internet connection;Quiet study space,30–60 minutes,0,1,3,13.0,18.0,60
"Yes, I agree",21-23,Male,University of Peradeniya,Engineering,Year 2,"LKR 100,001 – 200,000",2.00 – 2.49,Much better than average,4–5 courses,2–3 assignments,Never,Light,Sometimes (50–74%),6–10 hours,7–14 days before,11–15 hours,21–25 hours,70–79%,No,Not applicable (I do not have a job),Not applicable (I do not have a job),Not applicable (I do not have a job),Not applicable(I do not have a job),Poor,Moderate,6–7 hours,Sometimes,Moderate,Personal laptop / computer,1–2 hours,0,2,2,13.0,0.0,75
"Yes, I agree",24-26,Male,University of Colombo,Medicine / Health Sciences,Year 1,"LKR 50,000 – 100,000",2.50 – 2.99,Much better than average,4–5 courses,4–5 assignments,Sometimes,Moderate,Most of the time (75–99%),Less than 2 hours,4–6 days before,5–10 hours,10–15 hours,50–69%,Yes,10–15 hours,Financial support for studies,Very negative impact,Office / Clerical work,Average,High,8–9 hours,Rarely,High,Stable internet connection;Personal laptop / computer;Quiet study space,30–60 minutes,0,3,3,7.5,12.5,60
"Yes, I agree",21-23,Female,University of Jaffna,Medicine / Health Sciences,Year 1,"LKR 200,001 – 300,000",2.50 – 2.99,Slightly below average,6–7 courses,4–5 assignments,Sometimes,Light,Most of the time (75–99%),2–5 hours,7–14 days before,5–10 hours,10–15 hours,70–79%,No,Not applicable (I do not have a job),Not applicable (I do not have a job),Not applicable (I do not have a job),Not applicable(I do not have a job),Good,Low,4–5 hours,Rarely,Moderate,Personal laptop / computer,Less than 30 minutes,0,2,3,7.5,0.0,75
"Yes, I agree",24-26,Female,University of Colombo,Medicine / Health Sciences,Year 2,"LKR 200,001 – 300,000",3.00 – 3.49,Slightly below average,8 or more courses,2–3 assignments,Always,Light,Sometimes (50–74%),6–10 hours,4–6 days before,5–10 hours,Less than 10 hours,Below 50%,No,Not applicable (I do not have a job),Not applicable (I do not have a job),Not applicable (I do not have a job),Not applicable(I do not have a job),Very poor,Low,8–9 hours,Often,Moderate,Personal laptop / computer,30–60 minutes,1,2,2,7.5,0.0,25
"Yes, I agree",21-23,Male,University of Sri Jayewardenepura,Business / Management,Year 3,"LKR 100,001 – 200,000",2.00 – 2.49,Slightly better than average,6–7 courses,2–3 assignments,Rarely,Heavy,Rarely (25–49%),6–10 hours,4–6 days before,5–10 hours,16–20 hours,70–79%,No,Not applicable (I do not have a job),Not applicable (I do not have a job),Not applicable (I do not have a job),Not applicable(I do not have a job),Good,Very low,6–7 hours,Often,Very high,Personal laptop / computer;Quiet study space,Less than 30 minutes,0,4,2,7.5,0.0,75
"Yes, I agree",24-26,Male,Horizon Campus,Science,Year 2,"LKR 100,001 – 200,000",2.50 – 2.99,About average,4–5 courses,0–1 assignments,Rarely,Moderate,Rarely (25–49%),6–10 hours,7–14 days before,11–15 hours,16–20 hours,Below 50%,No,Not applicable (I do not have a job),Not applicable (I do not have a job),Not applicable (I do not have a job),Not applicable(I do not have a job),Poor,Very low,6–7 hours,Rarely,High,Personal laptop / computer,More than 2 hours,0,3,1,13.0,0.0,25
"Yes, I agree",18-20,Female,Horizon Campus,IT / Computer Science,Year 2,"Below LKR 50,000",2.50 – 2.99,Much better than average,1–3 courses,2–3 assignments,Often,Moderate,Most of the time (75–99%),2–5 hours,7–14 days before,Less than 5 hours,10–15 hours,50–69%,Yes,16–20 hours,Financial support for family,Very negative impact,Other,Good,High,6–7 hours,Sometimes,High,Stable internet connection;Personal laptop / computer,Less than 30 minutes,0,3,2,2.5,18.0,60
"Yes, I agree",18-20,Male,University of Colombo,Engineering,Year 2,"LKR 100,001 – 200,000",2.50 – 2.99,Much better than average,1–3 courses,2–3 assignments,Sometimes,Moderate,Sometimes (50–74%),6–10 hours,4–6 days before,5–10 hours,21–25 hours,50–69%,Yes,21–30 hours,Work experience,Slightly positive impact,Freelance / Online work,Excellent,Moderate,4–5 hours,Sometimes,Moderate,Personal laptop / computer,30–60 minutes,0,3,2,7.5,25.5,60
"Yes, I agree",24-26,Female,Open University of Sri Lanka,IT / Computer Science,Year 3,"LKR 50,000 – 100,000",2.00 – 2.49,About average,1–3 courses,4–5 assignments,Sometimes,Light,Rarely (25–49%),More than 15 hours,On the day of the exam,11–15 hours,16–20 hours,50–69%,No,Not applicable (I do not have a job),Not applicable (I do not have a job),Not applicable (I do not have a job),Not applicable(I do not have a job),Poor,Low,8–9 hours,Sometimes,Low,Personal laptop / computer,More than 2 hours,0,2,3,13.0,0.0,60
"Yes, I agree",18-20,Male,University of Sri Jayewardenepura,Business / Management,Year 3,"LKR 200,001 – 300,000",3.50 – 4.00,About average,6–7 courses,2–3 assignments,Sometimes,Moderate,Most of the time (75–99%),11–15 hours,7–14 days before,11–15 hours,Less than 10 hours,70–79%,No,Not applicable (I do not have a job),Not applicable (I do not have a job),Not applicable (I do not have a job),Not applicable(I do not have a job),Poor,High,4–5 hours,Sometimes,Very high,Personal laptop / computer;Required textbooks,30–60 minutes,1,3,2,13.0,0.0,75
"Yes, I agree",21-23,Female,University of Peradeniya,Engineering,Year 1,"LKR 100,001 – 200,000",3.00 – 3.49,About average,1–3 courses,2–3 assignments,Sometimes,Light,Rarely (25–49%),11–15 hours,1–3 days before,Less than 5 hours,Less than 10 hours,Below 50%,No,Not applicable (I do not have a job),Not applicable (I do not have a job),Not applicable (I do not have a job),Not applicable(I do not have a job),Average,Moderate,4–5 hours,Sometimes,High,Stable internet connection;Personal laptop / computer;Quiet study space,Less than 30 minutes,1,2,2,2.5,0.0,25
"Yes, I agree",18-20,Male,University of Jaffna,Engineering,Year 2,"LKR 100,001 – 200,000",Below 2.00,About average,8 or more courses,4–5 assignments,Sometimes,Heavy,Most of the time (75–99%),11–15 hours,1–3 days before,11–15 hours,Less than 10 hours,50–69%,Yes,16–20 hours,Financial support for studies;Personal expenses,Slightly negative impact,Shop / Restaurant / Retail,Average,Moderate,8–9 hours,Often,High,Personal laptop / computer,Less than 30 minutes,0,4,3,13.0,18.0,60
"Yes, I agree",21-23,Male,University of Colombo,Science,Year 2,Prefer not to say,2.50 – 2.99,About average,4–5 courses,6 or more assignments,Rarely,Very light,Most of the time (75–99%),6–10 hours,1–3 days before,16–20 hours,21–25 hours,70–79%,No,Not applicable (I do not have a job),Not applicable (I do not have a job),Not applicable (I do not have a job),Not applicable(I do not have a job),Poor,High,8–9 hours,Sometimes,Moderate,Personal laptop / computer,30–60 minutes,0,1,4,18.0,0.0,75
"Yes, I agree",21-23,Female,University of Jaffna,Arts / Humanities,Year 2,"LKR 200,001 – 300,000",2.50 – 2.99,About average,4–5 courses,2–3 assignments,Sometimes,Moderate,Rarely (25–49%),More than 15 hours,4–6 days before,5–10 hours,16–20 hours,50–69%,Yes,10–15 hours,Financial support for studies;Personal expenses,No impact,Office / Clerical work,Average,High,6–7 hours,Rarely,Very high,Stable internet connection;Personal laptop / computer,I stay at the university hostel / near campus,0,3,2,7.5,12.5,60
"Yes, I agree",21-23,Female,University of Sri Jayewardenepura,Business / Management,Year 2,"Above LKR 300,000",2.50 – 2.99,Much better than average,4–5 courses,4–5 assignments,Sometimes,Light,Sometimes (50–74%),6–10 hours,7–14 days before,Less than 5 hours,16–20 hours,50–69%,No,Not applicable (I do not have a job),Not applicable (I do not have a job),Not applicable (I do not have a job),Not applicable(I do not have a job),Average,Moderate,6–7 hours,Always,Moderate,Quiet study space,30–60 minutes,0,2,3,2.5,0.0,60
"Yes, I agree",21-23,Female,Wayamba University,Business / Management,Year 1,"Below LKR 50,000",2.00 – 2.49,Much better than average,6–7 courses,6 or more assignments,Rarely,Very light,Always (100%),Less than 2 hours,More than 14 days before,Less than 5 hours,21–25 hours,70–79%,No,Not applicable (I do not have a job),Personal expenses,Slightly negative impact,Tutoring / Teaching,Average,Moderate,More than 9 hours,Often,Very low,Required textbooks,More than 2 hours,0,1,4,2.5,0.0,75
"Yes, I agree",18-20,Female,University of Moratuwa,Engineering,Year 3,"Above LKR 300,000",3.00 – 3.49,About average,6–7 courses,2–3 assignments,Always,Heavy,Rarely (25–49%),11–15 hours,1–3 days before,11–15 hours,10–15 hours,70–79%,No,16–20 hours,Work experience,Not applicable (I do not have a job),Other,Average,Very low,6–7 hours,Rarely,Low,Quiet study space,1–2 hours,1,4,2,13.0,0.0,75
"Yes, I agree",21-23,Prefer not to say,University of Ruhuna,IT / Computer Science,Year 4,"LKR 200,001 – 300,000",2.50 – 2.99,Slightly below average,8 or more courses,6 or more assignments,Sometimes,Moderate,Sometimes (50–74%),6–10 hours,4–6 days before,11–15 hours,21–25 hours,Below 50%,Yes,Less than 10 hours,Personal expenses,Slightly negative impact,Shop / Restaurant / Retail,Excellent,High,4–5 hours,Often,Very low,Quiet study space,1–2 hours,0,3,4,13.0,5.0,25
"Yes, I agree",18-20,Male,University of Moratuwa,IT / Computer Science,Year 1,"Below LKR 50,000",2.00 – 2.49,Slightly below average,8 or more courses,6 or more assignments,Sometimes,Moderate,Almost never (below 25%),More than 15 hours,On the day of the exam,16–20 hours,16–20 hours,50–69%,Yes,More than 30 hours,Work experience,Very positive impact,Delivery / Driver,Good,Low,8–9 hours,Sometimes,Moderate,Personal laptop / computer,1–2 hours,0,3,4,18.0,35.0,60
"Yes, I agree",27+,Prefer not to say,Sabaragamuwa University,Engineering,Year 3,"LKR 50,000 – 100,000",Below 2.00,Much better than average,6–7 courses,6 or more assignments,Often,Very light,Most of the time (75–99%),2–5 hours,7–14 days before,16–20 hours,16–20 hours,50–69%,No,More than 30 hours,Work experience,No impact,Freelance / Online work,Good,High,More than 9 hours,Rarely,Low,Quiet study space,1–2 hours,0,1,4,18.0,0.0,60
"Yes, I agree",21-23,Female,University of Moratuwa,Arts / Humanities,Year 1,"LKR 100,001 – 200,000",2.00 – 2.49,Slightly below average,8 or more courses,6 or more assignments,Always,Heavy,Rarely (25–49%),11–15 hours,1–3 days before,11–15 hours,10–15 hours,80–89%,No,21–30 hours,Personal expenses,Slightly negative impact,Office / Clerical work,Very poor,Very low,More than 9 hours,Always,Low,Required textbooks,I stay at the university hostel / near campus,0,4,4,13.0,0.0,85
"Yes, I agree",18-20,Male,University of Sri Jayewardenepura,Arts / Humanities,Year 3,"Above LKR 300,000",2.50 – 2.99,Slightly below average,6–7 courses,4–5 assignments,Rarely,Light,Most of the time (75–99%),11–15 hours,1–3 days before,11–15 hours,16–20 hours,80–89%,Yes,10–15 hours,Financial support for family,Slightly negative impact,Delivery / Driver,Average,Moderate,4–5 hours,Rarely,High,Quiet study space,1–2 hours,0,2,3,13.0,12.5,85
"Yes, I agree",24-26,Male,University of Ruhuna,Medicine / Health Sciences,Year 3,"LKR 100,001 – 200,000",2.50 – 2.99,Slightly below average,6–7 courses,4–5 assignments,Often,Moderate,Sometimes (50–74%),11–15 hours,1–3 days before,16–20 hours,10–15 hours,70–79%,Yes,16–20 hours,Financial support for family,No impact,Delivery / Driver,Average,Moderate,6–7 hours,Often,Low,Required textbooks,More than 2 hours,0,3,3,18.0,18.0,75
"Yes, I agree",24-26,Male,Rajarata University,Science,Year 2,"LKR 50,000 – 100,000",2.50 – 2.99,Much below average,8 or more courses,6 or more assignments,Rarely,Very light,Almost never (below 25%),2–5 hours,7–14 days before,Less than 5 hours,16–20 hours,70–79%,Yes,21–30 hours,Personal expenses,Slightly negative impact,Other,Poor,Very low,6–7 hours,Sometimes,Very low,Personal laptop / computer,Less than 30 minutes,0,1,4,2.5,25.5,75
"Yes, I agree",24-26,Female,Sabaragamuwa University,Science,Year 3,"LKR 100,001 – 200,000",3.00 – 3.49,Slightly below average,6–7 courses,2–3 assignments,Rarely,Light,Rarely (25–49%),6–10 hours,1–3 days before,11–15 hours,16–20 hours,80–89%,Yes,10–15 hours,Personal expenses,No impact,Office / Clerical work,Poor,Low,8–9 hours,Sometimes,Moderate,Quiet study space,More than 2 hours,1,2,2,13.0,12.5,85
"Yes, I agree",27+,Female,Rajarata University,Engineering,Year 4,Prefer not to say,2.00 – 2.49,Slightly below average,8 or more courses,4–5 assignments,Often,Moderate,Sometimes (50–74%),6–10 hours,4–6 days before,5–10 hours,21–25 hours,70–79%,No,More than 30 hours,Work experience,Very positive impact,Office / Clerical work,Average,Very low,6–7 hours,Sometimes,Moderate,Personal laptop / computer,30–60 minutes,0,3,3,7.5,0.0,75
"Yes, I agree",21-23,Prefer not to say,South Eastern University,IT / Computer Science,Year 2,"LKR 50,000 – 100,000",Below 2.00,About average,6–7 courses,6 or more assignments,Rarely,Heavy,Rarely (25–49%),11–15 hours,1–3 days before,Less than 5 hours,16–20 hours,50–69%,No,More than 30 hours,Work experience,Very positive impact,Delivery / Driver,Good,High,4–5 hours,Rarely,Low,Quiet study space,1–2 hours,0,4,4,2.5,0.0,60
"Yes, I agree",21-23,Female,Open University of Sri Lanka,Business / Management,Year 2,"LKR 200,001 – 300,000",3.00 – 3.49,Slightly below average,6–7 courses,4–5 assignments,Sometimes,Very light,Sometimes (50–74%),2–5 hours,4–6 days before,5–10 hours,Less than 10 hours,70–79%,Yes,16–20 hours,Financial support for family,No impact,Shop / Restaurant / Retail,Good,Moderate,6–7 hours,Sometimes,High,Personal laptop / computer,30–60 minutes,1,1,3,7.5,18.0,75
"Yes, I agree",24-26,Male,Sabaragamuwa University,Medicine / Health Sciences,Year 2,"LKR 100,001 – 200,000",2.50 – 2.99,Slightly better than average,4–5 courses,2–3 assignments,Sometimes,Heavy,Sometimes (50–74%),6–10 hours,4–6 days before,11–15 hours,10–15 hours,70–79%,Yes,16–20 hours,Financial support for family,Slightly negative impact,Shop / Restaurant / Retail,Good,High,4–5 hours,Sometimes,High,Quiet study space,1–2 hours,0,4,2,13.0,18.0,75
"Yes, I agree",21-23,Male,Sabaragamuwa University,Medicine / Health Sciences,Year 2,"LKR 100,001 – 200,000",2.50 – 2.99,Slightly below average,4–5 courses,2–3 assignments,Often,Moderate,Most of the time (75–99%),11–15 hours,4–6 days before,11–15 hours,10–15 hours,50–69%,No,Not applicable (I do not have a job),Not applicable (I do not have a job),Not applicable (I do not have a job),Not applicable(I do not have a job),Good,High,6–7 hours,Rarely,High,Personal laptop / computer,30–60 minutes,0,3,2,13.0,0.0,60
"Yes, I agree",18-20,Male,University of Colombo,Engineering,Year 3,"LKR 100,001 – 200,000",2.00 – 2.49,About average,6–7 courses,6 or more assignments,Often,Heavy,Rarely (25–49%),11–15 hours,1–3 days before,11–15 hours,10–15 hours,Below 50%,Yes,Less than 10 hours,Personal expenses,Slightly negative impact,Tutoring / Teaching,Excellent,Very high,Less than 4 hours,Never,Moderate,Personal laptop / computer,More than 2 hours,0,4,4,13.0,5.0,25
"Yes, I agree",21-23,Female,University of Colombo,Arts / Humanities,Year 1,"Below LKR 50,000",2.00 – 2.49,Slightly better than average,4–5 courses,2–3 assignments,Sometimes,Light,Most of the time (75–99%),11–15 hours,1–3 days before,Less than 5 hours,Less than 10 hours,70–79%,Yes,16–20 hours,Financial support for family,No impact,Office / Clerical work,Poor,Low,8–9 hours,Rarely,Low,Required textbooks,1–2 hours,0,2,2,2.5,18.0,75
"Yes, I agree",24-26,Female,University of Ruhuna,Arts / Humanities,Year 1,"Below LKR 50,000",2.00 – 2.49,Slightly better than average,4–5 courses,2–3 assignments,Sometimes,Very light,Rarely (25–49%),Less than 2 hours,More than 14 days before,5–10 hours,Less than 10 hours,Below 50%,Yes,21–30 hours,Personal expenses,Very positive impact,Delivery / Driver,Good,High,4–5 hours,Rarely,Low,Quiet study space,1–2 hours,0,1,2,7.5,25.5,25
"Yes, I agree",24-26,Female,University of Moratuwa,Medicine / Health Sciences,Year 2,"LKR 200,001 – 300,000",Below 2.00,About average,6–7 courses,4–5 assignments,Often,Heavy,Rarely (25–49%),11–15 hours,1–3 days before,11–15 hours,More than 25 hours,80–89%,Yes,21–30 hours,Personal expenses,Very positive impact,Delivery / Driver,Poor,High,4–5 hours,Rarely,Low,Required textbooks,1–2 hours,0,4,3,13.0,25.5,85
"Yes, I agree",24-26,Prefer not to say,University of Kelaniya,Business / Management,Year 4,Prefer not to say,2.50 – 2.99,Much better than average,6–7 courses,2–3 assignments,Sometimes,Heavy,Rarely (25–49%),11–15 hours,1–3 days before,11–15 hours,16–20 hours,90–100%,No,More than 30 hours,Work experience,No impact,Shop / Restaurant / Retail,Average,Moderate,6–7 hours,Often,Low,Personal laptop / computer,1–2 hours,0,4,2,13.0,0.0,95
"Yes, I agree",24-26,Female,University of Jaffna,Engineering,Year 2,"Below LKR 50,000",2.50 – 2.99,About average,4–5 courses,0–1 assignments,Rarely,Light,Most of the time (75–99%),Less than 2 hours,4–6 days before,5–10 hours,Less than 10 hours,70–79%,Yes,10–15 hours,Financial support for studies;Financial support for family;Work experience,No impact,Freelance / Online work,Good,Very high,4–5 hours,Rarely,Very high,Quiet study space,I stay at the university hostel / near campus,0,2,1,7.5,12.5,75
"Yes, I agree",18-20,Male,University of Jaffna,Engineering,Year 1,"Below LKR 50,000",2.00 – 2.49,Slightly better than average,4–5 courses,0–1 assignments,Never,Light,Most of the time (75–99%),2–5 hours,More than 14 days before,Less than 5 hours,10–15 hours,80–89%,Yes,10–15 hours,Financial support for family,Very negative impact,Freelance / Online work,Good,High,4–5 hours,Rarely,Moderate,Required textbooks,30–60 minutes,0,2,1,2.5,12.5,85
"Yes, I agree",24-26,Female,University of Kelaniya,Medicine / Health Sciences,Year 3,"LKR 100,001 – 200,000",2.50 – 2.99,Slightly below average,4–5 courses,2–3 assignments,Never,Moderate,Always (100%),6–10 hours,1–3 days before,5–10 hours,16–20 hours,50–69%,Yes,Less than 10 hours,Financial support for studies;Financial support for family;Work experience,Slightly positive impact,Delivery / Driver,Average,Moderate,6–7 hours,Sometimes,Low,Stable internet connection;Personal laptop / computer;Required textbooks,30–60 minutes,0,3,2,7.5,5.0,60
"Yes, I agree",27+,Female,Horizon Campus,Business / Management,,"LKR 50,000 – 100,000",2.50 – 2.99,About average,6–7 courses,4–5 assignments,Often,Moderate,Sometimes (50–74%),More than 15 hours,7–14 days before,16–20 hours,16–20 hours,80–89%,No,16–20 hours,Personal expenses,Slightly positive impact,Not applicable(I do not have a job),Average,Moderate,6–7 hours,Sometimes,Moderate,None of the above,More than 2 hours,0,3,3,18.0,0.0,85
"Yes, I agree",27+,Prefer not to say,University of Ruhuna,Arts / Humanities,Year 2,"LKR 50,000 – 100,000",3.00 – 3.49,Slightly below average,8 or more courses,6 or more assignments,Always,Heavy,Rarely (25–49%),6–10 hours,1–3 days before,More than 20 hours,Less than 10 hours,Below 50%,Yes,16–20 hours,Work experience;Other;Not applicable (I do not have a job),Slightly positive impact,Delivery / Driver,Good,Low,8–9 hours,Sometimes,Moderate,Stable internet connection;Quiet study space;Required textbooks;None of the above,30–60 minutes,1,4,4,7.5,18.0,25
"Yes, I agree",21-23,Male,University of Jaffna,Science,Year 1,Prefer not to say,3.00 – 3.49,About average,8 or more courses,2–3 assignments,Often,Moderate,Sometimes (50–74%),2–5 hours,More than 14 days before,Less than 5 hours,Less than 10 hours,80–89%,No,Not applicable (I do not have a job),Not applicable (I do not have a job),Not applicable (I do not have a job),Not applicable(I do not have a job),Average,Moderate,8–9 hours,Rarely,High,Quiet study space,Less than 30 minutes,1,3,2,2.5,0.0,85
"Yes, I agree",21-23,Female,University of Peradeniya,Medicine / Health Sciences,Year 2,"LKR 200,001 – 300,000",3.50 – 4.00,About average,8 or more courses,2–3 assignments,Sometimes,Very light,Always (100%),2–5 hours,4–6 days before,16–20 hours,16–20 hours,50–69%,No,Not applicable (I do not have a job),Not applicable (I do not have a job),Not applicable (I do not have a job),Not applicable(I do not have a job),Good,Moderate,4–5 hours,Often,Moderate,Stable internet connection;Personal laptop / computer;Quiet study space;Required textbooks,I stay at the university hostel / near campus,1,1,2,18.0,0.0,60
"Yes, I agree",18-20,Prefer not to say,University of Ruhuna,IT / Computer Science,Year 3,"Below LKR 50,000",2.50 – 2.99,About average,4–5 courses,2–3 assignments,Sometimes,Very light,Sometimes (50–74%),6–10 hours,1–3 days before,5–10 hours,Less than 10 hours,80–89%,Yes,16–20 hours,Financial support for studies;Financial support for family;Work experience;Other,Slightly negative impact,Office / Clerical work,Poor,Moderate,8–9 hours,Never,Low,Stable internet connection;Quiet study space;Required textbooks;None of the above,1–2 hours,0,1,2,7.5,18.0,85
"Yes, I agree",21-23,Female,University of Sri Jayewardenepura,Arts / Humanities,Year 1,"Below LKR 50,000",2.50 – 2.99,Slightly below average,6–7 courses,0–1 assignments,Sometimes,Light,Almost never (below 25%),11–15 hours,7–14 days before,5–10 hours,16–20 hours,70–79%,Yes,Less than 10 hours,Financial support for studies,Very positive impact,Shop / Restaurant / Retail,Average,Moderate,4–5 hours,Often,Moderate,Personal laptop / computer,30–60 minutes,0,2,1,7.5,5.0,75
"Yes, I agree",18-20,Male,University of Peradeniya,Engineering,Year 3,"LKR 200,001 – 300,000",3.00 – 3.49,About average,4–5 courses,2–3 assignments,Sometimes,Very light,Always (100%),6–10 hours,1–3 days before,11–15 hours,10–15 hours,50–69%,No,Not applicable (I do not have a job),Not applicable (I do not have a job),Not applicable (I do not have a job),Not applicable(I do not have a job),Average,Low,6–7 hours,Often,Low,Personal laptop / computer;Quiet study space,I stay at the university hostel / near campus,1,1,2,13.0,0.0,60
"Yes, I agree",18-20,Prefer not to say,University of Colombo,IT / Computer Science,Year 1,"Above LKR 300,000",3.00 – 3.49,Slightly below average,6–7 courses,2–3 assignments,Often,Light,Sometimes (50–74%),2–5 hours,1–3 days before,5–10 hours,21–25 hours,50–69%,Yes,Less than 10 hours,Financial support for studies;Personal expenses;Work experience;Other,Very negative impact,Shop / Restaurant / Retail,Good,High,6–7 hours,Sometimes,High,Stable internet connection;Personal laptop / computer;Quiet study space;Required textbooks,30–60 minutes,1,2,2,7.5,5.0,60
"Yes, I agree",24-26,Female,Sabaragamuwa University,Arts / Humanities,Year 3,"LKR 100,001 – 200,000",2.50 – 2.99,About average,6–7 courses,4–5 assignments,Sometimes,Light,Sometimes (50–74%),2–5 hours,7–14 days before,5–10 hours,Less than 10 hours,50–69%,No,Not applicable (I do not have a job),Not applicable (I do not have a job),Not applicable (I do not have a job),Not applicable(I do not have a job),Average,Low,8–9 hours,Rarely,Moderate,Stable internet connection,Less than 30 minutes,0,2,3,7.5,0.0,60
"Yes, I agree",21-23,Female,University of Colombo,Law,Year 2,"LKR 200,001 – 300,000",2.00 – 2.49,Slightly below average,4–5 courses,0–1 assignments,Rarely,Heavy,Sometimes (50–74%),More than 15 hours,4–6 days before,11–15 hours,10–15 hours,50–69%,Yes,More than 30 hours,Personal expenses,No impact,Office / Clerical work,Average,Moderate,Less than 4 hours,Sometimes,High,Stable internet connection;Personal laptop / computer,30–60 minutes,0,4,1,13.0,35.0,60
"Yes, I agree",18-20,Female,University of Moratuwa,Education,Year 3,"LKR 100,001 – 200,000",2.50 – 2.99,Much better than average,6–7 courses,2–3 assignments,Sometimes,Light,Rarely (25–49%),6–10 hours,4–6 days before,5–10 hours,16–20 hours,80–89%,Yes,10–15 hours,Financial support for studies;Financial support for family;Other,Slightly negative impact,Shop / Restaurant / Retail,Good,High,6–7 hours,Rarely,Low,Stable internet connection;Personal laptop / computer;Quiet study space;Required textbooks,1–2 hours,0,2,2,7.5,12.5,85
"Yes, I agree",21-23,Male,Horizon Campus,Law,Year 2,"LKR 50,000 – 100,000",2.50 – 2.99,About average,4–5 courses,4–5 assignments,Often,Moderate,Sometimes (50–74%),11–15 hours,4–6 days before,5–10 hours,16–20 hours,50–69%,Yes,16–20 hours,Financial support for studies;Personal expenses,No impact,Freelance / Online work,Good,Moderate,6–7 hours,Never,Low,Personal laptop / computer;Required textbooks,30–60 minutes,0,3,3,7.5,18.0,60
"Yes, I agree",18-20,Prefer not to say,University of Jaffna,Engineering,Year 3,"Below LKR 50,000",2.50 – 2.99,About average,4–5 courses,2–3 assignments,Often,Moderate,Rarely (25–49%),Less than 2 hours,7–14 days before,11–15 hours,10–15 hours,Below 50%,Yes,Less than 10 hours,Personal expenses,No impact,Shop / Restaurant / Retail,Good,Low,4–5 hours,Rarely,Moderate,Stable internet connection;Personal laptop / computer;Quiet study space,30–60 minutes,0,3,2,13.0,5.0,25
"Yes, I agree",21-23,Male,Horizon Campus,Education,Year 2,"Above LKR 300,000",2.00 – 2.49,Slightly better than average,4–5 courses,2–3 assignments,Sometimes,Very light,Most of the time (75–99%),2–5 hours,1–3 days before,11–15 hours,10–15 hours,50–69%,No,Not applicable (I do not have a job),Not applicable (I do not have a job),Not applicable (I do not have a job),Not applicable(I do not have a job),Average,Moderate,4–5 hours,Often,Moderate,Stable internet connection;Personal laptop / computer,30–60 minutes,0,1,2,13.0,0.0,60
"Yes, I agree",18-20,Male,University of Sri Jayewardenepura,IT / Computer Science,Year 1,"LKR 50,000 – 100,000",3.50 – 4.00,Slightly below average,6–7 courses,6 or more assignments,Never,Light,Sometimes (50–74%),11–15 hours,4–6 days before,16–20 hours,21–25 hours,70–79%,Yes,21–30 hours,Financial support for studies;Financial support for family;Personal expenses;Work experience,Slightly positive impact,Shop / Restaurant / Retail,Good,Low,6–7 hours,Often,Moderate,Stable internet connection;Quiet study space;Required textbooks,1–2 hours,1,2,4,18.0,25.5,75
"Yes, I agree",24-26,Female,University of Moratuwa,Engineering,Year 1,"LKR 50,000 – 100,000",3.50 – 4.00,Slightly below average,6–7 courses,6 or more assignments,Sometimes,Heavy,Sometimes (50–74%),2–5 hours,1–3 days before,11–15 hours,16–20 hours,70–79%,Yes,Less than 10 hours,Financial support for studies;Financial support for family;Personal expenses,Very negative impact,Tutoring / Teaching,Excellent,High,8–9 hours,Rarely,Moderate,Stable internet connection;Personal laptop / computer;Quiet study space;Required textbooks,Less than 30 minutes,1,4,4,13.0,5.0,75
"Yes, I agree",27+,Prefer not to say,University of Kelaniya,Engineering,Year 4,"LKR 200,001 – 300,000",2.50 – 2.99,Slightly better than average,8 or more courses,2–3 assignments,Sometimes,Moderate,Sometimes (50–74%),More than 15 hours,7–14 days before,16–20 hours,16–20 hours,50–69%,No,More than 30 hours,Work experience,No impact,Freelance / Online work,Very poor,High,More than 9 hours,Often,Low,Quiet study space,30–60 minutes,0,3,2,18.0,0.0,60
"Yes, I agree",21-23,Prefer not to say,University of Peradeniya,Business / Management,Year 3,"LKR 100,001 – 200,000",3.50 – 4.00,Much below average,4–5 courses,6 or more assignments,Always,Very light,Rarely (25–49%),Less than 2 hours,More than 14 days before,Less than 5 hours,Less than 10 hours,Below 50%,Yes,21–30 hours,Personal expenses,No impact,Delivery / Driver,Poor,Low,4–5 hours,Rarely,Moderate,Quiet study space,30–60 minutes,1,1,4,2.5,25.5,25
"Yes, I agree",24-26,Male,University of Peradeniya,Business / Management,Year 1,"Below LKR 50,000",3.50 – 4.00,Slightly below average,4–5 courses,4–5 assignments,Often,Very heavy,Almost never (below 25%),More than 15 hours,On the day of the exam,16–20 hours,More than 25 hours,90–100%,Yes,21–30 hours,Personal expenses,No impact,Freelance / Online work,Excellent,Moderate,8–9 hours,Always,Moderate,Quiet study space,30–60 minutes,1,5,3,18.0,25.5,95
"Yes, I agree",24-26,Male,University of Ruhuna,Education,Year 3,"LKR 100,001 – 200,000",3.00 – 3.49,About average,4–5 courses,2–3 assignments,Sometimes,Moderate,Sometimes (50–74%),Less than 2 hours,7–14 days before,11–15 hours,16–20 hours,50–69%,Yes,Less than 10 hours,Financial support for studies,No impact,Tutoring / Teaching,Average,Very high,Less than 4 hours,Sometimes,High,Quiet study space,Less than 30 minutes,1,3,2,13.0,5.0,60
"Yes, I agree",21-23,Male,Horizon Campus,IT / Computer Science,Year 3,"LKR 50,000 – 100,000",Below 2.00,About average,4–5 courses,2–3 assignments,Sometimes,Moderate,Rarely (25–49%),Less than 2 hours,7–14 days before,11–15 hours,10–15 hours,80–89%,No,Not applicable (I do not have a job),Not applicable (I do not have a job),Not applicable (I do not have a job),Not applicable(I do not have a job),Average,Moderate,Less than 4 hours,Rarely,High,Personal laptop / computer;Quiet study space,1–2 hours,0,3,2,13.0,0.0,85
"Yes, I agree",18-20,Male,Horizon Campus,Business / Management,Year 2,"LKR 100,001 – 200,000",2.00 – 2.49,Slightly better than average,8 or more courses,2–3 assignments,Never,Light,Sometimes (50–74%),11–15 hours,On the day of the exam,Less than 5 hours,16–20 hours,50–69%,No,Not applicable (I do not have a job),Not applicable (I do not have a job),Not applicable (I do not have a job),Not applicable(I do not have a job),Poor,Moderate,6–7 hours,Sometimes,Low,Personal laptop / computer,I stay at the university hostel / near campus,0,2,2,2.5,0.0,60
"Yes, I agree",24-26,Male,Horizon Campus,IT / Computer Science,Year 4,"LKR 200,001 – 300,000",2.50 – 2.99,Slightly better than average,1–3 courses,4–5 assignments,Rarely,Light,Always (100%),2–5 hours,7–14 days before,Less than 5 hours,Less than 10 hours,Below 50%,Yes,10–15 hours,Personal expenses,Slightly negative impact,Freelance / Online work,Average,High,Less than 4 hours,Sometimes,Moderate,Stable internet connection;Required textbooks,Less than 30 minutes,0,2,3,2.5,12.5,25
"Yes, I agree",24-26,Male,Horizon Campus,Law,Year 1,"LKR 50,000 – 100,000",2.00 – 2.49,Slightly better than average,4–5 courses,2–3 assignments,Sometimes,Light,Most of the time (75–99%),Less than 2 hours,4–6 days before,5–10 hours,16–20 hours,70–79%,Yes,10–15 hours,Financial support for family,Very negative impact,Shop / Restaurant / Retail,Excellent,Moderate,4–5 hours,Rarely,Very high,Personal laptop / computer,Less than 30 minutes,0,2,2,7.5,12.5,75
"Yes, I agree",21-23,Female,Horizon Campus,Science,Year 2,Prefer not to say,2.00 – 2.49,Slightly better than average,6–7 courses,2–3 assignments,Rarely,Moderate,Sometimes (50–74%),11–15 hours,1–3 days before,11–15 hours,10–15 hours,80–89%,Yes,16–20 hours,Financial support for studies;Financial support for family,Slightly negative impact,Shop / Restaurant / Retail,Excellent,High,6–7 hours,Never,High,Stable internet connection;Personal laptop / computer,Less than 30 minutes,0,3,2,13.0,18.0,85
"Yes, I agree",18-20,Female,Horizon Campus,Business / Management,Year 1,"Below LKR 50,000",2.00 – 2.49,About average,4–5 courses,2–3 assignments,Rarely,Heavy,Sometimes (50–74%),2–5 hours,7–14 days before,Less than 5 hours,10–15 hours,50–69%,Yes,10–15 hours,Financial support for studies;Financial support for family,Very negative impact,Freelance / Online work,Excellent,Moderate,Less than 4 hours,Rarely,Moderate,Personal laptop / computer;Quiet study space,30–60 minutes,0,4,2,2.5,12.5,60
"Yes, I agree",24-26,Male,Horizon Campus,Business / Management,Year 3,"LKR 100,001 – 200,000",2.50 – 2.99,Slightly better than average,4–5 courses,2–3 assignments,Sometimes,Light,Most of the time (75–99%),Less than 2 hours,7–14 days before,5–10 hours,16–20 hours,70–79%,No,Not applicable (I do not have a job),Not applicable (I do not have a job),Not applicable (I do not have a job),Not applicable(I do not have a job),Average,Moderate,6–7 hours,Rarely,High,Stable internet connection;Personal laptop / computer,Less than 30 minutes,0,2,2,7.5,0.0,75
"Yes, I agree",21-23,Male,Horizon Campus,IT / Computer Science,Year 2,"LKR 50,000 – 100,000",2.00 – 2.49,Slightly below average,6–7 courses,2–3 assignments,Sometimes,Moderate,Sometimes (50–74%),Less than 2 hours,1–3 days before,11–15 hours,Less than 10 hours,70–79%,No,Not applicable (I do not have a job),Not applicable (I do not have a job),Not applicable (I do not have a job),Not applicable(I do not have a job),Average,Moderate,6–7 hours,Sometimes,Very high,Stable internet connection,Less than 30 minutes,0,3,2,13.0,0.0,75
"Yes, I agree",21-23,Female,Horizon Campus,IT / Computer Science,Year 1,"LKR 50,000 – 100,000",2.50 – 2.99,Slightly better than average,4–5 courses,2–3 assignments,Rarely,Moderate,Most of the time (75–99%),Less than 2 hours,7–14 days before,5–10 hours,10–15 hours,50–69%,Yes,Less than 10 hours,Financial support for studies;Personal expenses,Slightly negative impact,Freelance / Online work,Average,High,6–7 hours,Rarely,High,Stable internet connection;Quiet study space,Less than 30 minutes,0,3,2,7.5,5.0,60
"Yes, I agree",21-23,Female,Wayamba University,Engineering,Year 2,"Below LKR 50,000",2.00 – 2.49,About average,6–7 courses,4–5 assignments,Sometimes,Moderate,Sometimes (50–74%),2–5 hours,4–6 days before,5–10 hours,10–15 hours,80–89%,Yes,16–20 hours,Financial support for family,No impact,Office / Clerical work,Good,High,Less than 4 hours,Rarely,High,Required textbooks,30–60 minutes,0,3,3,7.5,18.0,85
"Yes, I agree",21-23,Male,Horizon Campus,Education,Year 3,"LKR 50,000 – 100,000",2.50 – 2.99,Slightly better than average,4–5 courses,0–1 assignments,Sometimes,Very light,Always (100%),More than 15 hours,1–3 days before,11–15 hours,21–25 hours,50–69%,No,Not applicable (I do not have a job),Not applicable (I do not have a job),Not applicable (I do not have a job),Not applicable(I do not have a job),Good,High,6–7 hours,Sometimes,Very high,Stable internet connection;Personal laptop / computer,30–60 minutes,0,1,1,13.0,0.0,60
"Yes, I agree",21-23,Male,Open University of Sri Lanka,Medicine / Health Sciences,Year 3,"Below LKR 50,000",3.00 – 3.49,Slightly better than average,6–7 courses,2–3 assignments,Sometimes,Very light,Sometimes (50–74%),2–5 hours,7–14 days before,11–15 hours,10–15 hours,70–79%,Yes,16–20 hours,Financial support for family,No impact,Freelance / Online work,Good,High,6–7 hours,Rarely,Moderate,Personal laptop / computer,30–60 minutes,1,1,2,13.0,18.0,75
"Yes, I agree",27+,Prefer not to say,University of Colombo,Engineering,Year 3,"LKR 50,000 – 100,000",3.00 – 3.49,Slightly better than average,6–7 courses,4–5 assignments,Often,Light,Most of the time (75–99%),2–5 hours,7–14 days before,11–15 hours,10–15 hours,70–79%,Yes,21–30 hours,Financial support for studies;Financial support for family;Personal expenses,Slightly negative impact,Delivery / Driver,Average,High,4–5 hours,Sometimes,High,Stable internet connection;Personal laptop / computer;Quiet study space,30–60 minutes,1,2,3,13.0,25.5,75
"Yes, I agree",21-23,Female,Rajarata University,Science,Year 2,"LKR 50,000 – 100,000",Below 2.00,Slightly better than average,4–5 courses,2–3 assignments,Often,Light,Sometimes (50–74%),2–5 hours,4–6 days before,5–10 hours,10–15 hours,70–79%,Yes,10–15 hours,Personal expenses,Slightly positive impact,Delivery / Driver,Average,Moderate,6–7 hours,Often,High,Required textbooks,Less than 30 minutes,0,2,2,7.5,12.5,75
"Yes, I agree",21-23,Male,University of Jaffna,Science,Year 2,"LKR 200,001 – 300,000",2.50 – 2.99,Slightly better than average,6–7 courses,6 or more assignments,Sometimes,Moderate,Most of the time (75–99%),6–10 hours,7–14 days before,11–15 hours,10–15 hours,50–69%,Yes,10–15 hours,Work experience,No impact,Shop / Restaurant / Retail,Good,Moderate,6–7 hours,Sometimes,Moderate,Quiet study space,1–2 hours,0,3,4,13.0,12.5,60
"Yes, I agree",21-23,Female,Horizon Campus,Business / Management,Year 2,"LKR 100,001 – 200,000",2.00 – 2.49,Slightly below average,8 or more courses,2–3 assignments,Rarely,Moderate,Sometimes (50–74%),11–15 hours,More than 14 days before,11–15 hours,10–15 hours,70–79%,Yes,16–20 hours,Personal expenses,Slightly positive impact,Delivery / Driver,Good,High,Less than 4 hours,Sometimes,Low,Personal laptop / computer,Less than 30 minutes,0,3,2,13.0,18.0,75
"Yes, I agree",21-23,Female,Wayamba University,Arts / Humanities,Year 2,"Below LKR 50,000",Below 2.00,Much better than average,1–3 courses,4–5 assignments,Never,Light,Always (100%),6–10 hours,4–6 days before,11–15 hours,16–20 hours,70–79%,Yes,21–30 hours,Personal expenses,Slightly positive impact,Delivery / Driver,Average,Moderate,4–5 hours,Sometimes,High,Personal laptop / computer,30–60 minutes,0,2,3,13.0,25.5,75
"Yes, I agree",21-23,Male,University of Ruhuna,Business / Management,Year 2,"Below LKR 50,000",2.50 – 2.99,Slightly better than average,6–7 courses,0–1 assignments,Never,Moderate,Most of the time (75–99%),11–15 hours,4–6 days before,16–20 hours,16–20 hours,70–79%,Yes,21–30 hours,Personal expenses,No impact,Shop / Restaurant / Retail,Poor,High,6–7 hours,Never,High,Personal laptop / computer,30–60 minutes,0,3,1,18.0,25.5,75
"Yes, I agree",21-23,Male,Sabaragamuwa University,Arts / Humanities,Year 2,"LKR 100,001 – 200,000",2.50 – 2.99,Much better than average,4–5 courses,2–3 assignments,Sometimes,Moderate,Rarely (25–49%),6–10 hours,More than 14 days before,5–10 hours,21–25 hours,80–89%,Yes,10–15 hours,Personal expenses,Slightly negative impact,Delivery / Driver,Average,High,8–9 hours,Rarely,Moderate,Personal laptop / computer,30–60 minutes,0,3,2,7.5,12.5,85
"Yes, I agree",21-23,Male,Sabaragamuwa University,IT / Computer Science,Year 4,"LKR 50,000 – 100,000",2.00 – 2.49,Slightly better than average,4–5 courses,4–5 assignments,Rarely,Moderate,Rarely (25–49%),6–10 hours,4–6 days before,11–15 hours,21–25 hours,70–79%,Yes,16–20 hours,Financial support for family,No impact,Delivery / Driver,Average,Moderate,6–7 hours,Sometimes,Very high,Quiet study space,30–60 minutes,0,3,3,13.0,18.0,75
"Yes, I agree",24-26,Female,University of Moratuwa,Arts / Humanities,Year 2,"Above LKR 300,000",2.50 – 2.99,About average,4–5 courses,4–5 assignments,Sometimes,Very light,Most of the time (75–99%),6–10 hours,4–6 days before,16–20 hours,Less than 10 hours,50–69%,Yes,10–15 hours,Financial support for family,No impact,Shop / Restaurant / Retail,Good,Moderate,4–5 hours,Sometimes,High,Quiet study space,1–2 hours,0,1,3,18.0,12.5,60
"Yes, I agree",24-26,Female,Wayamba University,Arts / Humanities,Year 2,"LKR 200,001 – 300,000",2.50 – 2.99,Slightly below average,4–5 courses,6 or more assignments,Never,Heavy,Rarely (25–49%),6–10 hours,1–3 days before,5–10 hours,16–20 hours,50–69%,Yes,16–20 hours,Other,Slightly negative impact,Office / Clerical work,Average,Moderate,6–7 hours,Sometimes,Moderate,Personal laptop / computer,30–60 minutes,0,4,4,7.5,18.0,60
"Yes, I agree",21-23,Female,Horizon Campus,Science,Year 2,"LKR 100,001 – 200,000",2.50 – 2.99,Much below average,4–5 courses,2–3 assignments,Sometimes,Light,Most of the time (75–99%),6–10 hours,1–3 days before,16–20 hours,21–25 hours,70–79%,Yes,Less than 10 hours,Financial support for studies,Slightly positive impact,Delivery / Driver,Good,Moderate,6–7 hours,Often,High,Stable internet connection;Quiet study space,30–60 minutes,0,2,2,18.0,5.0,75
"Yes, I agree",21-23,Male,Wayamba University,Arts / Humanities,Year 1,"LKR 100,001 – 200,000",2.50 – 2.99,Slightly better than average,1–3 courses,2–3 assignments,Often,Light,Most of the time (75–99%),6–10 hours,7–14 days before,11–15 hours,16–20 hours,70–79%,Yes,16–20 hours,Personal expenses,No impact,Office / Clerical work,Average,Low,6–7 hours,Sometimes,Moderate,Quiet study space,30–60 minutes,0,2,2,13.0,18.0,75
"Yes, I agree",18-20,Female,Horizon Campus,Law,Year 2,"Above LKR 300,000",2.00 – 2.49,Slightly better than average,1–3 courses,4–5 assignments,Rarely,Light,Sometimes (50–74%),6–10 hours,7–14 days before,Less than 5 hours,10–15 hours,50–69%,Yes,16–20 hours,Work experience,No impact,Shop / Restaurant / Retail,Average,Very high,4–5 hours,Sometimes,High,Stable internet connection;Quiet study space,1–2 hours,0,2,3,2.5,18.0,60
"Yes, I agree",21-23,Male,University of Peradeniya,Engineering,Year 2,"LKR 50,000 – 100,000",2.00 – 2.49,Slightly better than average,1–3 courses,4–5 assignments,Sometimes,Very light,Sometimes (50–74%),2–5 hours,7–14 days before,5–10 hours,16–20 hours,Below 50%,Yes,21–30 hours,Financial support for family,Very negative impact,Tutoring / Teaching,Average,Low,6–7 hours,Sometimes,Moderate,Personal laptop / computer,30–60 minutes,0,1,3,7.5,25.5,25
"Yes, I agree",18-20,Female,Horizon Campus,Business / Management,Year 2,"LKR 100,001 – 200,000",2.00 – 2.49,Much better than average,4–5 courses,4–5 assignments,Often,Moderate,Sometimes (50–74%),More than 15 hours,4–6 days before,Less than 5 hours,16–20 hours,70–79%,Yes,16–20 hours,Financial support for studies;Work experience,Slightly negative impact,Tutoring / Teaching,Average,High,4–5 hours,Rarely,Very low,Stable internet connection;Personal laptop / computer,Less than 30 minutes,0,3,3,2.5,18.0,75
"Yes, I agree",24-26,Female,Sabaragamuwa University,Business / Management,Year 3,"LKR 50,000 – 100,000",2.50 – 2.99,About average,6–7 courses,4–5 assignments,Often,Heavy,Sometimes (50–74%),2–5 hours,7–14 days before,Less than 5 hours,Less than 10 hours,70–79%,Yes,16–20 hours,Financial support for family,Slightly positive impact,Office / Clerical work,Good,Low,4–5 hours,Sometimes,High,Stable internet connection,Less than 30 minutes,0,4,3,2.5,18.0,75
"Yes, I agree",21-23,Male,University of Peradeniya,Engineering,Year 2,"LKR 50,000 – 100,000",3.00 – 3.49,Slightly better than average,4–5 courses,4–5 assignments,Sometimes,Very light,Almost never (below 25%),Less than 2 hours,1–3 days before,11–15 hours,10–15 hours,50–69%,Yes,16–20 hours,Financial support for family,Slightly positive impact,Tutoring / Teaching,Average,Very high,6–7 hours,Sometimes,Moderate,Personal laptop / computer,1–2 hours,1,1,3,13.0,18.0,60
"Yes, I agree",21-23,Male,University of Moratuwa,Arts / Humanities,Year 3,"LKR 200,001 – 300,000",2.50 – 2.99,About average,4–5 courses,0–1 assignments,Sometimes,Moderate,Sometimes (50–74%),11–15 hours,4–6 days before,16–20 hours,16–20 hours,70–79%,Yes,16–20 hours,Work experience,Slightly positive impact,Delivery / Driver,Average,Low,6–7 hours,Rarely,Low,Personal laptop / computer,1–2 hours,0,3,1,18.0,18.0,75
"Yes, I agree",21-23,Male,Horizon Campus,Science,Year 1,"LKR 200,001 – 300,000",2.50 – 2.99,About average,6–7 courses,0–1 assignments,Rarely,Very light,Most of the time (75–99%),6–10 hours,1–3 days before,More than 20 hours,10–15 hours,70–79%,Yes,Less than 10 hours,Financial support for family,Slightly negative impact,Delivery / Driver,Average,High,4–5 hours,Rarely,High,Stable internet connection;Quiet study space,Less than 30 minutes,0,1,1,7.5,5.0,75
"Yes, I agree",18-20,Male,Horizon Campus,Medicine / Health Sciences,Year 1,"LKR 200,001 – 300,000",2.00 – 2.49,Slightly better than average,1–3 courses,2–3 assignments,Sometimes,Moderate,Rarely (25–49%),2–5 hours,4–6 days before,11–15 hours,16–20 hours,80–89%,Yes,10–15 hours,Financial support for studies,Slightly positive impact,Delivery / Driver,Average,Low,More than 9 hours,Sometimes,Very high,Stable internet connection;Personal laptop / computer,30–60 minutes,0,3,2,13.0,12.5,85
"Yes, I agree",18-20,Male,University of Ruhuna,Business / Management,Year 2,"LKR 200,001 – 300,000",3.00 – 3.49,About average,6–7 courses,2–3 assignments,Sometimes,Very light,Sometimes (50–74%),More than 15 hours,4–6 days before,More than 20 hours,21–25 hours,Below 50%,Yes,21–30 hours,Personal expenses,Slightly negative impact,Delivery / Driver,Excellent,Low,6–7 hours,Rarely,High,Stable internet connection,Less than 30 minutes,1,1,2,7.5,25.5,25
"Yes, I agree",27+,Female,University of Jaffna,Medicine / Health Sciences,Year 2,"LKR 50,000 – 100,000",3.00 – 3.49,Slightly better than average,6–7 courses,4–5 assignments,Sometimes,Heavy,Sometimes (50–74%),6–10 hours,4–6 days before,11–15 hours,21–25 hours,Below 50%,Yes,21–30 hours,Other,No impact,Other,Poor,Moderate,6–7 hours,Never,High,Quiet study space,1–2 hours,1,4,3,13.0,25.5,25
"Yes, I agree",18-20,Male,Horizon Campus,Science,Year 3,"Above LKR 300,000",3.00 – 3.49,About average,1–3 courses,0–1 assignments,Never,Heavy,Rarely (25–49%),Less than 2 hours,7–14 days before,11–15 hours,10–15 hours,80–89%,Yes,16–20 hours,Financial support for studies;Work experience,Slightly positive impact,Office / Clerical work,Good,High,4–5 hours,Never,Moderate,Quiet study space,30–60 minutes,1,4,1,13.0,18.0,85
"Yes, I agree",18-20,Female,University of Jaffna,IT / Computer Science,Year 3,"Below LKR 50,000",2.50 – 2.99,About average,6–7 courses,2–3 assignments,Rarely,Moderate,Sometimes (50–74%),6–10 hours,7–14 days before,11–15 hours,10–15 hours,70–79%,Yes,Less than 10 hours,Work experience,No impact,Delivery / Driver,Good,Moderate,6–7 hours,Sometimes,High,Stable internet connection,1–2 hours,0,3,2,13.0,5.0,75
"Yes, I agree",21-23,Female,University of Ruhuna,Medicine / Health Sciences,Year 2,"LKR 200,001 – 300,000",2.50 – 2.99,Much better than average,6–7 courses,2–3 assignments,Sometimes,Moderate,Always (100%),2–5 hours,7–14 days before,5–10 hours,16–20 hours,70–79%,Yes,More than 30 hours,Personal expenses,Very negative impact,Office / Clerical work,Excellent,Low,6–7 hours,Rarely,Low,Required textbooks,1–2 hours,0,3,2,7.5,35.0,75
"Yes, I agree",18-20,Male,Horizon Campus,Science,Year 3,"LKR 200,001 – 300,000",3.00 – 3.49,Slightly better than average,4–5 courses,4–5 assignments,Often,Very light,Always (100%),2–5 hours,More than 14 days before,11–15 hours,Less than 10 hours,70–79%,No,Not applicable (I do not have a job),Not applicable (I do not have a job),Not applicable (I do not have a job),Not applicable(I do not have a job),Good,High,4–5 hours,Sometimes,Very high,Quiet study space,30–60 minutes,1,1,3,13.0,0.0,75
"Yes, I agree",18-20,Male,University of Sri Jayewardenepura,Business / Management,Year 2,"LKR 200,001 – 300,000",2.50 – 2.99,Much below average,4–5 courses,2–3 assignments,Sometimes,Heavy,Sometimes (50–74%),6–10 hours,4–6 days before,5–10 hours,Less than 10 hours,80–89%,Yes,10–15 hours,Personal expenses,Slightly negative impact,Shop / Restaurant / Retail,Good,High,8–9 hours,Sometimes,Moderate,Personal laptop / computer,1–2 hours,0,4,2,7.5,12.5,85
"Yes, I agree",18-20,Male,Horizon Campus,Law,Year 3,"LKR 100,001 – 200,000",Below 2.00,About average,6–7 courses,4–5 assignments,Sometimes,Moderate,Rarely (25–49%),6–10 hours,More than 14 days before,Less than 5 hours,16–20 hours,50–69%,No,Not applicable (I do not have a job),Not applicable (I do not have a job),Not applicable (I do not have a job),Not applicable(I do not have a job),Poor,Moderate,6–7 hours,Sometimes,High,Personal laptop / computer;Required textbooks,Less than 30 minutes,0,3,3,2.5,0.0,60
"Yes, I agree",24-26,Male,Rajarata University,Arts / Humanities,Year 1,"LKR 100,001 – 200,000",3.00 – 3.49,Slightly better than average,4–5 courses,4–5 assignments,Rarely,Moderate,Most of the time (75–99%),11–15 hours,7–14 days before,Less than 5 hours,16–20 hours,50–69%,Yes,Less than 10 hours,Other,Very negative impact,Freelance / Online work,Good,High,8–9 hours,Rarely,High,Stable internet connection,1–2 hours,1,3,3,2.5,5.0,60
"Yes, I agree",18-20,Female,University of Sri Jayewardenepura,Medicine / Health Sciences,Year 1,"LKR 50,000 – 100,000",2.50 – 2.99,Slightly better than average,4–5 courses,0–1 assignments,Sometimes,Light,Sometimes (50–74%),Less than 2 hours,More than 14 days before,Less than 5 hours,16–20 hours,70–79%,Yes,Less than 10 hours,Financial support for studies,No impact,Shop / Restaurant / Retail,Average,High,6–7 hours,Sometimes,Moderate,Personal laptop / computer,1–2 hours,0,2,1,2.5,5.0,75
"Yes, I agree",18-20,Male,University of Sri Jayewardenepura,Science,Year 2,"Below LKR 50,000",2.50 – 2.99,Slightly below average,4–5 courses,4–5 assignments,Rarely,Very light,Most of the time (75–99%),11–15 hours,7–14 days before,5–10 hours,Less than 10 hours,70–79%,Yes,10–15 hours,Personal expenses,Very negative impact,Freelance / Online work,Average,High,4–5 hours,Sometimes,Moderate,Quiet study space,1–2 hours,0,1,3,7.5,12.5,75
"Yes, I agree",21-23,Male,Horizon Campus,IT / Computer Science,Year 3,"Below LKR 50,000",Below 2.00,Slightly better than average,6–7 courses,2–3 assignments,Sometimes,Heavy,Sometimes (50–74%),6–10 hours,4–6 days before,16–20 hours,16–20 hours,80–89%,No,Not applicable (I do not have a job),Not applicable (I do not have a job),Not applicable (I do not have a job),Not applicable(I do not have a job),Poor,Moderate,4–5 hours,Often,Moderate,Personal laptop / computer,30–60 minutes,0,4,2,18.0,0.0,85
"Yes, I agree",24-26,Female,University of Sri Jayewardenepura,IT / Computer Science,Year 2,"LKR 100,001 – 200,000",Below 2.00,About average,4–5 courses,6 or more assignments,Rarely,Very light,Most of the time (75–99%),6–10 hours,7–14 days before,Less than 5 hours,Less than 10 hours,50–69%,Yes,More than 30 hours,Other,Slightly positive impact,Tutoring / Teaching,Excellent,Very high,4–5 hours,Never,Very high,Quiet study space,Less than 30 minutes,0,1,4,2.5,35.0,60
"Yes, I agree",21-23,Male,Horizon Campus,Business / Management,Year 1,"LKR 100,001 – 200,000",3.00 – 3.49,Slightly better than average,1–3 courses,2–3 assignments,Rarely,Light,Most of the time (75–99%),2–5 hours,7–14 days before,11–15 hours,16–20 hours,50–69%,Yes,10–15 hours,Other,Very negative impact,Freelance / Online work,Excellent,Low,Less than 4 hours,Sometimes,Very high,Stable internet connection;Personal laptop / computer,30–60 minutes,1,2,2,13.0,12.5,60
"Yes, I agree",21-23,Male,University of Ruhuna,Medicine / Health Sciences,Year 1,"LKR 100,001 – 200,000",Below 2.00,About average,1–3 courses,2–3 assignments,Sometimes,Light,Sometimes (50–74%),11–15 hours,4–6 days before,11–15 hours,16–20 hours,70–79%,Yes,21–30 hours,Personal expenses,Slightly negative impact,Shop / Restaurant / Retail,Good,High,6–7 hours,Sometimes,Moderate,Personal laptop / computer,30–60 minutes,0,2,2,13.0,25.5,75
"Yes, I agree",21-23,Male,University of Sri Jayewardenepura,Arts / Humanities,Year 3,"LKR 200,001 – 300,000",3.00 – 3.49,Slightly better than average,1–3 courses,2–3 assignments,Sometimes,Heavy,Most of the time (75–99%),2–5 hours,4–6 days before,16–20 hours,10–15 hours,50–69%,Yes,21–30 hours,Personal expenses,No impact,Office / Clerical work,Good,Moderate,4–5 hours,Often,High,Personal laptop / computer,Less than 30 minutes,1,4,2,18.0,25.5,60
"Yes, I agree",21-23,Male,Sabaragamuwa University,Medicine / Health Sciences,Year 1,"LKR 100,001 – 200,000",Below 2.00,Slightly better than average,1–3 courses,2–3 assignments,Sometimes,Light,Most of the time (75–99%),2–5 hours,4–6 days before,5–10 hours,10–15 hours,Below 50%,Yes,16–20 hours,Personal expenses,Slightly negative impact,Office / Clerical work,Good,Moderate,4–5 hours,Never,Very high,Personal laptop / computer,1–2 hours,0,2,2,7.5,18.0,25
"Yes, I agree",18-20,Male,Horizon Campus,Science,Year 2,"LKR 100,001 – 200,000",2.00 – 2.49,About average,6–7 courses,4–5 assignments,Often,Light,Sometimes (50–74%),11–15 hours,7–14 days before,Less than 5 hours,Less than 10 hours,50–69%,No,Not applicable (I do not have a job),Not applicable (I do not have a job),Not applicable (I do not have a job),Not applicable(I do not have a job),Average,Moderate,Less than 4 hours,Often,High,Personal laptop / computer;Required textbooks,30–60 minutes,0,2,3,2.5,0.0,60
"Yes, I agree",24-26,Female,Sabaragamuwa University,IT / Computer Science,Year 2,"LKR 100,001 – 200,000",2.00 – 2.49,Slightly better than average,4–5 courses,4–5 assignments,Sometimes,Moderate,Most of the time (75–99%),6–10 hours,7–14 days before,Less than 5 hours,16–20 hours,80–89%,Yes,16–20 hours,Financial support for family,Slightly negative impact,Delivery / Driver,Poor,Very high,Less than 4 hours,Rarely,Moderate,Required textbooks,1–2 hours,0,3,3,2.5,18.0,85
"Yes, I agree",21-23,Female,Horizon Campus,IT / Computer Science,Year 3,"LKR 200,001 – 300,000",2.50 – 2.99,About average,4–5 courses,0–1 assignments,Sometimes,Moderate,Sometimes (50–74%),6–10 hours,7–14 days before,Less than 5 hours,10–15 hours,50–69%,No,Not applicable (I do not have a job),Not applicable (I do not have a job),Not applicable (I do not have a job),Not applicable(I do not have a job),Average,Very low,8–9 hours,Sometimes,Very high,Stable internet connection;Personal laptop / computer,30–60 minutes,0,3,1,2.5,0.0,60
"Yes, I agree",18-20,Male,Rajarata University,Engineering,Year 2,"LKR 50,000 – 100,000",2.00 – 2.49,About average,4–5 courses,2–3 assignments,Rarely,Light,Most of the time (75–99%),2–5 hours,7–14 days before,Less than 5 hours,21–25 hours,50–69%,Yes,16–20 hours,Personal expenses,Slightly negative impact,Delivery / Driver,Good,Very high,Less than 4 hours,Never,Very high,Required textbooks,Less than 30 minutes,0,2,2,2.5,18.0,60
"Yes, I agree",21-23,Male,University of Jaffna,Medicine / Health Sciences,Year 1,"LKR 50,000 – 100,000",Below 2.00,About average,4–5 courses,4–5 assignments,Never,Light,Always (100%),2–5 hours,4–6 days before,11–15 hours,21–25 hours,50–69%,Yes,21–30 hours,Financial support for studies,Slightly negative impact,Shop / Restaurant / Retail,Average,Very high,4–5 hours,Sometimes,High,Personal laptop / computer,Less than 30 minutes,0,2,3,13.0,25.5,60
"Yes, I agree",21-23,Male,University of Kelaniya,Business / Management,Year 1,"LKR 200,001 – 300,000",2.00 – 2.49,About average,6–7 courses,0–1 assignments,Sometimes,Heavy,Most of the time (75–99%),11–15 hours,More than 14 days before,11–15 hours,10–15 hours,70–79%,Yes,21–30 hours,Financial support for family,No impact,Shop / Restaurant / Retail,Good,Moderate,4–5 hours,Rarely,High,Personal laptop / computer,1–2 hours,0,4,1,13.0,25.5,75
"Yes, I agree",18-20,Male,Horizon Campus,Business / Management,Year 2,"LKR 200,001 – 300,000",2.50 – 2.99,Slightly below average,6–7 courses,2–3 assignments,Rarely,Very light,Most of the time (75–99%),11–15 hours,4–6 days before,11–15 hours,Less than 10 hours,Below 50%,No,Not applicable (I do not have a job),Not applicable (I do not have a job),Not applicable (I do not have a job),Not applicable(I do not have a job),Good,Moderate,4–5 hours,Rarely,High,Stable internet connection;Quiet study space,Less than 30 minutes,0,1,2,13.0,0.0,25
"Yes, I agree",24-26,Male,Wayamba University,Engineering,Year 2,"LKR 100,001 – 200,000",2.00 – 2.49,Slightly better than average,4–5 courses,0–1 assignments,Rarely,Heavy,Most of the time (75–99%),Less than 2 hours,7–14 days before,11–15 hours,Less than 10 hours,Below 50%,Yes,16–20 hours,Personal expenses,Slightly negative impact,Shop / Restaurant / Retail,Excellent,High,4–5 hours,Rarely,High,Personal laptop / computer,1–2 hours,0,4,1,13.0,18.0,25
"Yes, I agree",24-26,Male,University of Colombo,Arts / Humanities,Year 2,"LKR 50,000 – 100,000",3.00 – 3.49,Slightly better than average,1–3 courses,2–3 assignments,Sometimes,Light,Most of the time (75–99%),6–10 hours,4–6 days before,Less than 5 hours,16–20 hours,70–79%,Yes,Less than 10 hours,Work experience,No impact,Shop / Restaurant / Retail,Good,Moderate,6–7 hours,Rarely,Very high,Personal laptop / computer,30–60 minutes,1,2,2,2.5,5.0,75
"Yes, I agree",18-20,Male,Wayamba University,Engineering,Year 2,"LKR 100,001 – 200,000",2.00 – 2.49,Much better than average,1–3 courses,0–1 assignments,Rarely,Very light,Most of the time (75–99%),2–5 hours,4–6 days before,Less than 5 hours,16–20 hours,70–79%,Yes,16–20 hours,Personal expenses,Slightly negative impact,Shop / Restaurant / Retail,Good,High,6–7 hours,Rarely,Moderate,Personal laptop / computer,Less than 30 minutes,0,1,1,2.5,18.0,75
"Yes, I agree",21-23,Male,University of Ruhuna,Engineering,Year 1,"LKR 50,000 – 100,000",Below 2.00,About average,8 or more courses,4–5 assignments,Rarely,Light,Rarely (25–49%),11–15 hours,4–6 days before,Less than 5 hours,Less than 10 hours,Below 50%,Yes,16–20 hours,Work experience,Slightly negative impact,Tutoring / Teaching,Good,High,4–5 hours,Often,High,Quiet study space,1–2 hours,0,2,3,2.5,18.0,25
"Yes, I agree",18-20,Female,University of Moratuwa,Business / Management,Year 2,"LKR 200,001 – 300,000",2.00 – 2.49,About average,4–5 courses,4–5 assignments,Sometimes,Moderate,Most of the time (75–99%),6–10 hours,7–14 days before,Less than 5 hours,10–15 hours,70–79%,Yes,16–20 hours,Work experience,Slightly positive impact,Freelance / Online work,Good,High,4–5 hours,Rarely,High,Personal laptop / computer,1–2 hours,0,3,3,2.5,18.0,75
"Yes, I agree",18-20,Female,South Eastern University,IT / Computer Science,Year 1,"LKR 100,001 – 200,000",Below 2.00,Slightly better than average,4–5 courses,2–3 assignments,Never,Light,Rarely (25–49%),2–5 hours,More than 14 days before,11–15 hours,Less than 10 hours,50–69%,Yes,Less than 10 hours,Financial support for family,Slightly negative impact,Delivery / Driver,Good,Very high,4–5 hours,Rarely,Moderate,Stable internet connection,30–60 minutes,0,2,2,13.0,5.0,60
"Yes, I agree",24-26,Male,Horizon Campus,Science,Year 2,"LKR 200,001 – 300,000",2.50 – 2.99,Slightly better than average,8 or more courses,4–5 assignments,Never,Moderate,Rarely (25–49%),11–15 hours,1–3 days before,11–15 hours,Less than 10 hours,Below 50%,No,Not applicable (I do not have a job),Not applicable (I do not have a job),Not applicable (I do not have a job),Not applicable(I do not have a job),Good,Moderate,6–7 hours,Sometimes,High,Personal laptop / computer;Quiet study space,I stay at the university hostel / near campus,0,3,3,13.0,0.0,25
"Yes, I agree",27+,Female,Sabaragamuwa University,Arts / Humanities,Year 2,"LKR 50,000 – 100,000",2.50 – 2.99,About average,4–5 courses,4–5 assignments,Sometimes,Light,Rarely (25–49%),2–5 hours,1–3 days before,5–10 hours,21–25 hours,70–79%,Yes,21–30 hours,Work experience,No impact,Freelance / Online work,Good,High,4–5 hours,Rarely,Moderate,Required textbooks,1–2 hours,0,2,3,7.5,25.5,75
"Yes, I agree",18-20,Female,Sabaragamuwa University,Science,Year 1,"LKR 100,001 – 200,000",Below 2.00,Slightly better than average,6–7 courses,2–3 assignments,Sometimes,Very light,Sometimes (50–74%),6–10 hours,7–14 days before,11–15 hours,10–15 hours,70–79%,Yes,10–15 hours,Financial support for studies,Slightly negative impact,Shop / Restaurant / Retail,Poor,Moderate,4–5 hours,Rarely,High,Quiet study space,1–2 hours,0,1,2,13.0,12.5,75
"Yes, I agree",24-26,Male,University of Jaffna,Medicine / Health Sciences,Year 2,"LKR 100,001 – 200,000",2.50 – 2.99,Slightly below average,4–5 courses,4–5 assignments,Always,Very heavy,Sometimes (50–74%),6–10 hours,4–6 days before,16–20 hours,21–25 hours,50–69%,Yes,16–20 hours,Financial support for family,Slightly negative impact,Delivery / Driver,Average,Moderate,6–7 hours,Sometimes,Low,Quiet study space,30–60 minutes,0,5,3,18.0,18.0,60
"Yes, I agree",18-20,Female,University of Sri Jayewardenepura,Business / Management,Year 4,"LKR 200,001 – 300,000",Below 2.00,Much below average,6–7 courses,6 or more assignments,Sometimes,Moderate,Most of the time (75–99%),Less than 2 hours,7–14 days before,5–10 hours,10–15 hours,Below 50%,Yes,16–20 hours,Work experience,Slightly positive impact,Delivery / Driver,Good,High,4–5 hours,Sometimes,Moderate,Personal laptop / computer,More than 2 hours,0,3,4,7.5,18.0,25
"Yes, I agree",24-26,Female,Wayamba University,Medicine / Health Sciences,Year 3,"LKR 50,000 – 100,000",2.00 – 2.49,Slightly better than average,6–7 courses,4–5 assignments,Always,Moderate,Sometimes (50–74%),11–15 hours,4–6 days before,11–15 hours,10–15 hours,70–79%,Yes,16–20 hours,Financial support for family,Slightly negative impact,Freelance / Online work,Good,High,8–9 hours,Sometimes,Moderate,Quiet study space,More than 2 hours,0,3,3,13.0,18.0,75
"Yes, I agree",21-23,Male,Horizon Campus,IT / Computer Science,Year 2,"LKR 100,001 – 200,000",2.50 – 2.99,Slightly below average,6–7 courses,2–3 assignments,Rarely,Very light,Sometimes (50–74%),2–5 hours,4–6 days before,5–10 hours,16–20 hours,50–69%,No,Not applicable (I do not have a job),Not applicable (I do not have a job),Not applicable (I do not have a job),Not applicable(I do not have a job),Good,Low,6–7 hours,Sometimes,Very high,Quiet study space,30–60 minutes,0,1,2,7.5,0.0,60
"Yes, I agree",21-23,Female,South Eastern University,Science,Year 2,"LKR 200,001 – 300,000",2.00 – 2.49,Slightly better than average,1–3 courses,2–3 assignments,Sometimes,Very light,Most of the time (75–99%),2–5 hours,4–6 days before,5–10 hours,Less than 10 hours,50–69%,Yes,21–30 hours,Financial support for family,No impact,Freelance / Online work,Excellent,Moderate,6–7 hours,Rarely,Very high,Required textbooks,30–60 minutes,0,1,2,7.5,25.5,60
"Yes, I agree",21-23,Female,University of Kelaniya,Medicine / Health Sciences,Year 2,"LKR 100,001 – 200,000",2.50 – 2.99,About average,4–5 courses,2–3 assignments,Sometimes,Heavy,Sometimes (50–74%),2–5 hours,1–3 days before,5–10 hours,10–15 hours,70–79%,Yes,10–15 hours,Personal expenses,No impact,Freelance / Online work,Good,Moderate,Less than 4 hours,Sometimes,Moderate,Quiet study space,More than 2 hours,0,4,2,7.5,12.5,75
"Yes, I agree",21-23,Male,Horizon Campus,IT / Computer Science,Year 2,"LKR 100,001 – 200,000",2.50 – 2.99,Slightly better than average,6–7 courses,4–5 assignments,Rarely,Very light,Most of the time (75–99%),2–5 hours,7–14 days before,16–20 hours,16–20 hours,Below 50%,No,Not applicable (I do not have a job),Not applicable (I do not have a job),Not applicable (I do not have a job),Not applicable(I do not have a job),Average,Moderate,4–5 hours,Never,High,Personal laptop / computer;Quiet study space,Less than 30 minutes,0,1,3,18.0,0.0,25
"Yes, I agree",24-26,Male,Wayamba University,Arts / Humanities,Year 2,"LKR 50,000 – 100,000",3.00 – 3.49,About average,6–7 courses,2–3 assignments,Rarely,Moderate,Rarely (25–49%),2–5 hours,4–6 days before,11–15 hours,16–20 hours,50–69%,Yes,16–20 hours,Work experience,No impact,Tutoring / Teaching,Excellent,High,6–7 hours,Often,High,Quiet study space,1–2 hours,1,3,2,13.0,18.0,60
"Yes, I agree",21-23,Female,Horizon Campus,Business / Management,Year 1,"LKR 50,000 – 100,000",3.00 – 3.49,About average,6–7 courses,4–5 assignments,Often,Light,Most of the time (75–99%),11–15 hours,4–6 days before,11–15 hours,16–20 hours,50–69%,No,Not applicable (I do not have a job),Not applicable (I do not have a job),Not applicable (I do not have a job),Not applicable(I do not have a job),Average,Moderate,6–7 hours,Rarely,Low,Stable internet connection;Personal laptop / computer,Less than 30 minutes,1,2,3,13.0,0.0,60
"Yes, I agree",21-23,Male,Wayamba University,Business / Management,Year 1,"LKR 100,001 – 200,000",2.50 – 2.99,Much better than average,4–5 courses,0–1 assignments,Often,Light,Sometimes (50–74%),2–5 hours,7–14 days before,5–10 hours,10–15 hours,70–79%,Yes,21–30 hours,Financial support for family,Slightly positive impact,Shop / Restaurant / Retail,Poor,Moderate,4–5 hours,Sometimes,High,Personal laptop / computer,30–60 minutes,0,2,1,7.5,25.5,75
"Yes, I agree",21-23,Female,University of Sri Jayewardenepura,Business / Management,Year 3,"LKR 100,001 – 200,000",3.00 – 3.49,Slightly below average,6–7 courses,4–5 assignments,Sometimes,Moderate,Most of the time (75–99%),2–5 hours,4–6 days before,11–15 hours,10–15 hours,Below 50%,Yes,10–15 hours,Other,No impact,Office / Clerical work,Good,Moderate,8–9 hours,Often,High,Personal laptop / computer,1–2 hours,1,3,3,13.0,12.5,25
"Yes, I agree",21-23,Female,Wayamba University,Business / Management,Year 2,"LKR 200,001 – 300,000",2.00 – 2.49,About average,6–7 courses,4–5 assignments,Often,Moderate,Sometimes (50–74%),11–15 hours,4–6 days before,Less than 5 hours,10–15 hours,80–89%,Yes,21–30 hours,Other,Slightly positive impact,Freelance / Online work,Good,Low,6–7 hours,Sometimes,High,Quiet study space,Less than 30 minutes,0,3,3,2.5,25.5,85
"Yes, I agree",21-23,Male,Horizon Campus,Law,Year 3,"LKR 200,001 – 300,000",2.50 – 2.99,About average,6–7 courses,2–3 assignments,Sometimes,Light,Sometimes (50–74%),6–10 hours,4–6 days before,11–15 hours,10–15 hours,50–69%,No,Not applicable (I do not have a job),Not applicable (I do not have a job),Not applicable (I do not have a job),Not applicable(I do not have a job),Average,Moderate,6–7 hours,Sometimes,Moderate,Personal laptop / computer;Quiet study space,30–60 minutes,0,2,2,13.0,0.0,60
"Yes, I agree",24-26,Female,Sabaragamuwa University,IT / Computer Science,Year 2,"LKR 100,001 – 200,000",3.00 – 3.49,About average,6–7 courses,4–5 assignments,Sometimes,Light,Rarely (25–49%),2–5 hours,7–14 days before,5–10 hours,Less than 10 hours,50–69%,Yes,21–30 hours,Work experience,No impact,Shop / Restaurant / Retail,Average,Moderate,4–5 hours,Sometimes,Moderate,Personal laptop / computer,30–60 minutes,1,2,3,7.5,25.5,60
"Yes, I agree",21-23,Female,Horizon Campus,Business / Management,Year 2,"LKR 50,000 – 100,000",2.00 – 2.49,About average,6–7 courses,2–3 assignments,Rarely,Moderate,Sometimes (50–74%),6–10 hours,1–3 days before,11–15 hours,10–15 hours,Below 50%,No,Not applicable (I do not have a job),Not applicable (I do not have a job),Not applicable (I do not have a job),Not applicable(I do not have a job),Average,High,6–7 hours,Rarely,High,Stable internet connection;Personal laptop / computer,Less than 30 minutes,0,3,2,13.0,0.0,25
"Yes, I agree",18-20,Male,Rajarata University,Arts / Humanities,Year 1,"LKR 50,000 – 100,000",2.00 – 2.49,Slightly better than average,4–5 courses,2–3 assignments,Rarely,Light,Most of the time (75–99%),6–10 hours,7–14 days before,11–15 hours,10–15 hours,70–79%,Yes,10–15 hours,Personal expenses,Very negative impact,Delivery / Driver,Excellent,Very high,4–5 hours,Rarely,Very high,Quiet study space;None of the above,1–2 hours,0,2,2,13.0,12.5,75
"Yes, I agree",21-23,Female,University of Sri Jayewardenepura,Medicine / Health Sciences,Year 1,"LKR 50,000 – 100,000",2.00 – 2.49,Slightly better than average,4–5 courses,4–5 assignments,Often,Moderate,Rarely (25–49%),2–5 hours,More than 14 days before,5–10 hours,16–20 hours,Below 50%,Yes,Less than 10 hours,Financial support for family,Slightly positive impact,Delivery / Driver,Poor,Moderate,8–9 hours,Sometimes,Very high,Required textbooks,30–60 minutes,0,3,3,7.5,5.0,25
"Yes, I agree",21-23,Female,University of Jaffna,Engineering,Year 1,"LKR 50,000 – 100,000",2.50 – 2.99,Slightly better than average,4–5 courses,4–5 assignments,Often,Very light,Most of the time (75–99%),6–10 hours,More than 14 days before,11–15 hours,Less than 10 hours,70–79%,Yes,21–30 hours,Personal expenses,Slightly negative impact,Freelance / Online work,Average,High,Less than 4 hours,Never,Very high,Stable internet connection,30–60 minutes,0,1,3,13.0,25.5,75
"Yes, I agree",24-26,Female,Sabaragamuwa University,Business / Management,Year 2,"LKR 100,001 – 200,000",2.50 – 2.99,About average,6–7 courses,4–5 assignments,Sometimes,Light,Most of the time (75–99%),Less than 2 hours,4–6 days before,16–20 hours,21–25 hours,50–69%,Yes,10–15 hours,Personal expenses,No impact,Shop / Restaurant / Retail,Good,Moderate,8–9 hours,Sometimes,High,Stable internet connection,Less than 30 minutes,0,2,3,18.0,12.5,60
"Yes, I agree",18-20,Female,Horizon Campus,Science,Year 1,"LKR 50,000 – 100,000",2.00 – 2.49,About average,4–5 courses,0–1 assignments,Rarely,Heavy,Sometimes (50–74%),11–15 hours,1–3 days before,5–10 hours,10–15 hours,70–79%,Yes,10–15 hours,Financial support for studies;Financial support for family,No impact,Office / Clerical work,Average,Moderate,4–5 hours,Never,Low,Stable internet connection;Personal laptop / computer,Less than 30 minutes,0,4,1,7.5,12.5,75
"Yes, I agree",24-26,Female,Sabaragamuwa University,Arts / Humanities,Year 3,"LKR 50,000 – 100,000",2.50 – 2.99,Slightly below average,4–5 courses,0–1 assignments,Sometimes,Moderate,Sometimes (50–74%),11–15 hours,4–6 days before,Less than 5 hours,Less than 10 hours,90–100%,Yes,16–20 hours,Financial support for family,No impact,Delivery / Driver,Average,Very high,Less than 4 hours,Often,Moderate,Quiet study space,30–60 minutes,0,3,1,2.5,18.0,95
"Yes, I agree",24-26,Male,Wayamba University,Science,Year 2,"Above LKR 300,000",Below 2.00,Slightly better than average,1–3 courses,2–3 assignments,Rarely,Very light,Sometimes (50–74%),2–5 hours,1–3 days before,Less than 5 hours,10–15 hours,70–79%,Yes,21–30 hours,Personal expenses,Slightly positive impact,Delivery / Driver,Good,High,6–7 hours,Never,High,Quiet study space,Less than 30 minutes,0,1,2,2.5,25.5,75
"Yes, I agree",21-23,Male,Sabaragamuwa University,Engineering,Year 1,"LKR 100,001 – 200,000",2.50 – 2.99,Slightly below average,4–5 courses,2–3 assignments,Sometimes,Very light,Most of the time (75–99%),Less than 2 hours,4–6 days before,11–15 hours,16–20 hours,50–69%,Yes,10–15 hours,Financial support for family,Very negative impact,Freelance / Online work,Poor,Moderate,4–5 hours,Sometimes,Moderate,Stable internet connection,30–60 minutes,0,1,2,13.0,12.5,60
"Yes, I agree",21-23,Male,Horizon Campus,Business / Management,Year 2,"LKR 100,001 – 200,000",2.50 – 2.99,Much better than average,1–3 courses,4–5 assignments,Sometimes,Very light,Most of the time (75–99%),2–5 hours,More than 14 days before,5–10 hours,Less than 10 hours,80–89%,No,Not applicable (I do not have a job),Not applicable (I do not have a job),Not applicable (I do not have a job),Not applicable(I do not have a job),Good,High,4–5 hours,Never,Low,Personal laptop / computer;Required textbooks,30–60 minutes,0,1,3,7.5,0.0,85
"Yes, I agree",24-26,Female,University of Jaffna,Engineering,Year 1,"LKR 50,000 – 100,000",2.50 – 2.99,Slightly better than average,4–5 courses,4–5 assignments,Rarely,Light,Most of the time (75–99%),2–5 hours,More than 14 days before,11–15 hours,16–20 hours,50–69%,Yes,Less than 10 hours,Financial support for studies;Personal expenses;Work experience,Very negative impact,Tutoring / Teaching,Excellent,Moderate,6–7 hours,Often,Low,Stable internet connection;Personal laptop / computer;Quiet study space,1–2 hours,0,2,3,13.0,5.0,60
"Yes, I agree",21-23,Female,Rajarata University,Science,Year 2,"LKR 100,001 – 200,000",Below 2.00,Slightly better than average,6–7 courses,4–5 assignments,Sometimes,Light,Sometimes (50–74%),11–15 hours,7–14 days before,11–15 hours,10–15 hours,50–69%,Yes,21–30 hours,Financial support for family,No impact,Freelance / Online work,Average,Moderate,6–7 hours,Often,High,Quiet study space,30–60 minutes,0,2,3,13.0,25.5,60
"Yes, I agree",21-23,Female,Wayamba University,Medicine / Health Sciences,Year 2,"LKR 100,001 – 200,000",2.00 – 2.49,Slightly below average,1–3 courses,6 or more assignments,Sometimes,Very heavy,Rarely (25–49%),2–5 hours,1–3 days before,11–15 hours,16–20 hours,70–79%,Yes,21–30 hours,Other,Slightly positive impact,Shop / Restaurant / Retail,Poor,Moderate,6–7 hours,Sometimes,Moderate,Required textbooks,1–2 hours,0,5,4,13.0,25.5,75
"Yes, I agree",21-23,Male,Wayamba University,Business / Management,Year 2,"LKR 50,000 – 100,000",2.00 – 2.49,About average,4–5 courses,4–5 assignments,Sometimes,Very light,Sometimes (50–74%),Less than 2 hours,7–14 days before,Less than 5 hours,16–20 hours,50–69%,Yes,16–20 hours,Work experience,Slightly positive impact,Shop / Restaurant / Retail,Average,High,Less than 4 hours,Often,High,Required textbooks,Less than 30 minutes,0,1,3,2.5,18.0,60
"Yes, I agree",21-23,Female,Horizon Campus,Medicine / Health Sciences,Year 3,"LKR 50,000 – 100,000",3.00 – 3.49,About average,4–5 courses,4–5 assignments,Sometimes,Moderate,Sometimes (50–74%),11–15 hours,7–14 days before,5–10 hours,10–15 hours,50–69%,No,Not applicable (I do not have a job),Not applicable (I do not have a job),Not applicable (I do not have a job),Not applicable(I do not have a job),Good,Moderate,8–9 hours,Sometimes,High,Stable internet connection;Personal laptop / computer,30–60 minutes,1,3,3,7.5,0.0,60
"Yes, I agree",18-20,Male,Sabaragamuwa University,IT / Computer Science,Year 2,"LKR 100,001 – 200,000",2.00 – 2.49,About average,6–7 courses,2–3 assignments,Sometimes,Moderate,Sometimes (50–74%),11–15 hours,7–14 days before,5–10 hours,10–15 hours,Below 50%,Yes,21–30 hours,Financial support for family,No impact,Freelance / Online work,Good,Moderate,4–5 hours,Often,High,Personal laptop / computer,30–60 minutes,0,3,2,7.5,25.5,25
"Yes, I agree",21-23,Female,Horizon Campus,Business / Management,Year 1,"Below LKR 50,000",2.00 – 2.49,About average,4–5 courses,4–5 assignments,Sometimes,Light,Rarely (25–49%),6–10 hours,7–14 days before,16–20 hours,Less than 10 hours,Below 50%,No,Not applicable (I do not have a job),Not applicable (I do not have a job),Not applicable (I do not have a job),Not applicable(I do not have a job),Good,Moderate,6–7 hours,Sometimes,High,Stable internet connection;Quiet study space,Less than 30 minutes,0,2,3,18.0,0.0,25
"Yes, I agree",27+,Male,University of Moratuwa,Business / Management,Year 2,"LKR 50,000 – 100,000",2.50 – 2.99,About average,1–3 courses,4–5 assignments,Sometimes,Light,Rarely (25–49%),11–15 hours,1–3 days before,More than 20 hours,16–20 hours,50–69%,Yes,More than 30 hours,Financial support for studies;Personal expenses;Work experience,Very negative impact,Tutoring / Teaching,Excellent,Low,Less than 4 hours,Sometimes,High,Stable internet connection;Personal laptop / computer;Quiet study space,1–2 hours,0,2,3,7.5,35.0,60
"Yes, I agree",21-23,Female,University of Jaffna,Science,Year 2,"LKR 200,001 – 300,000",2.50 – 2.99,About average,6–7 courses,0–1 assignments,Sometimes,Light,Sometimes (50–74%),11–15 hours,More than 14 days before,16–20 hours,10–15 hours,Below 50%,Yes,More than 30 hours,Personal expenses,No impact,Delivery / Driver,Good,Low,4–5 hours,Sometimes,Moderate,Personal laptop / computer,Less than 30 minutes,0,2,1,18.0,35.0,25
"Yes, I agree",18-20,Female,South Eastern University,Business / Management,Year 2,"LKR 50,000 – 100,000",2.00 – 2.49,Slightly below average,1–3 courses,2–3 assignments,Sometimes,Heavy,Sometimes (50–74%),2–5 hours,1–3 days before,11–15 hours,16–20 hours,70–79%,Yes,10–15 hours,Financial support for family,Slightly negative impact,Delivery / Driver,Good,High,6–7 hours,Sometimes,High,Personal laptop / computer,30–60 minutes,0,4,2,13.0,12.5,75
"Yes, I agree",18-20,Male,Sabaragamuwa University,Education,Year 3,"LKR 200,001 – 300,000",3.00 – 3.49,About average,6–7 courses,6 or more assignments,Often,Light,Sometimes (50–74%),6–10 hours,7–14 days before,5–10 hours,10–15 hours,50–69%,Yes,16–20 hours,Personal expenses,No impact,Shop / Restaurant / Retail,Average,Moderate,8–9 hours,Rarely,Moderate,Quiet study space,1–2 hours,1,2,4,7.5,18.0,60
"Yes, I agree",18-20,Male,Rajarata University,Business / Management,Year 1,"LKR 100,001 – 200,000",2.00 – 2.49,Much below average,4–5 courses,2–3 assignments,Rarely,Light,Most of the time (75–99%),6–10 hours,7–14 days before,11–15 hours,10–15 hours,70–79%,Yes,Less than 10 hours,Financial support for family,No impact,Delivery / Driver,Good,Moderate,4–5 hours,Sometimes,High,Quiet study space,30–60 minutes,0,2,2,13.0,5.0,75
"Yes, I agree",21-23,Female,Horizon Campus,Business / Management,Year 2,"LKR 100,001 – 200,000",Below 2.00,Slightly better than average,6–7 courses,4–5 assignments,Never,Heavy,Sometimes (50–74%),2–5 hours,More than 14 days before,Less than 5 hours,10–15 hours,50–69%,Yes,16–20 hours,Financial support for studies;Financial support for family,Slightly negative impact,Tutoring / Teaching,Poor,Low,4–5 hours,Rarely,High,Stable internet connection;Personal laptop / computer,30–60 minutes,0,4,3,2.5,18.0,60
"Yes, I agree",21-23,Female,University of Jaffna,Science,Year 3,"Above LKR 300,000",Below 2.00,About average,6–7 courses,2–3 assignments,Rarely,Heavy,Always (100%),6–10 hours,4–6 days before,5–10 hours,16–20 hours,70–79%,Yes,10–15 hours,Personal expenses,No impact,Delivery / Driver,Average,Moderate,8–9 hours,Sometimes,Moderate,Quiet study space,1–2 hours,0,4,2,7.5,12.5,75
"Yes, I agree",21-23,Female,Wayamba University,Business / Management,Year 2,"LKR 50,000 – 100,000",2.00 – 2.49,Slightly better than average,6–7 courses,0–1 assignments,Sometimes,Light,Always (100%),Less than 2 hours,More than 14 days before,16–20 hours,21–25 hours,80–89%,Yes,Less than 10 hours,Financial support for studies;Financial support for family;Work experience,No impact,Freelance / Online work,Poor,Moderate,6–7 hours,Sometimes,High,Stable internet connection;Personal laptop / computer;Quiet study space,1–2 hours,0,2,1,18.0,5.0,85
"Yes, I agree",18-20,Female,University of Kelaniya,Medicine / Health Sciences,Year 3,"LKR 50,000 – 100,000",Below 2.00,Much better than average,6–7 courses,2–3 assignments,Sometimes,Light,Rarely (25–49%),6–10 hours,4–6 days before,11–15 hours,16–20 hours,70–79%,Yes,10–15 hours,Financial support for family,No impact,Delivery / Driver,Good,Moderate,6–7 hours,Often,Low,Quiet study space,1–2 hours,0,2,2,13.0,12.5,75
"Yes, I agree",21-23,Female,Horizon Campus,Business / Management,Year 2,"LKR 100,001 – 200,000",2.50 – 2.99,Slightly better than average,1–3 courses,2–3 assignments,Sometimes,Light,Sometimes (50–74%),2–5 hours,7–14 days before,5–10 hours,Less than 10 hours,70–79%,No,Not applicable (I do not have a job),Not applicable (I do not have a job),Not applicable (I do not have a job),Not applicable(I do not have a job),Poor,Low,8–9 hours,Sometimes,Very high,Stable internet connection;Quiet study space,Less than 30 minutes,0,2,2,7.5,0.0,75
"Yes, I agree",21-23,Male,Sabaragamuwa University,Medicine / Health Sciences,Year 1,"LKR 100,001 – 200,000",2.50 – 2.99,About average,6–7 courses,4–5 assignments,Sometimes,Light,Sometimes (50–74%),6–10 hours,4–6 days before,5–10 hours,10–15 hours,Below 50%,Yes,Less than 10 hours,Financial support for family,Very negative impact,Shop / Restaurant / Retail,Average,Moderate,6–7 hours,Often,Low,Personal laptop / computer,30–60 minutes,0,2,3,7.5,5.0,25
"Yes, I agree",21-23,Female,Open University of Sri Lanka,Medicine / Health Sciences,Year 1,"Below LKR 50,000",2.50 – 2.99,Slightly better than average,1–3 courses,2–3 assignments,Rarely,Light,Most of the time (75–99%),2–5 hours,4–6 days before,5–10 hours,16–20 hours,70–79%,Yes,16–20 hours,Personal expenses,No impact,Shop / Restaurant / Retail,Good,Moderate,4–5 hours,Sometimes,Moderate,Quiet study space,30–60 minutes,0,2,2,7.5,18.0,75
"Yes, I agree",24-26,Female,University of Moratuwa,Education,Year 2,"LKR 100,001 – 200,000",Below 2.00,Slightly below average,4–5 courses,4–5 assignments,Sometimes,Moderate,Sometimes (50–74%),11–15 hours,4–6 days before,16–20 hours,Less than 10 hours,50–69%,Yes,21–30 hours,Financial support for family,Slightly positive impact,Office / Clerical work,Good,Low,4–5 hours,Rarely,Moderate,Stable internet connection,30–60 minutes,0,3,3,18.0,25.5,60
"Yes, I agree",21-23,Male,Horizon Campus,Education,Year 2,"LKR 100,001 – 200,000",3.00 – 3.49,Slightly below average,1–3 courses,4–5 assignments,Often,Light,Sometimes (50–74%),2–5 hours,7–14 days before,Less than 5 hours,10–15 hours,Below 50%,No,Not applicable (I do not have a job),Not applicable (I do not have a job),Not applicable (I do not have a job),Not applicable(I do not have a job),Good,Low,6–7 hours,Often,High,Stable internet connection;Personal laptop / computer,Less than 30 minutes,1,2,3,2.5,0.0,25
"Yes, I agree",18-20,Female,Sabaragamuwa University,Arts / Humanities,Year 2,"LKR 200,001 – 300,000",3.50 – 4.00,Slightly below average,6–7 courses,6 or more assignments,Rarely,Light,Rarely (25–49%),6–10 hours,1–3 days before,11–15 hours,21–25 hours,70–79%,Yes,16–20 hours,Financial support for studies;Financial support for family;Work experience,Very negative impact,Tutoring / Teaching,Excellent,High,4–5 hours,Sometimes,Low,Stable internet connection;Personal laptop / computer;Required textbooks,30–60 minutes,1,2,4,13.0,18.0,75
"Yes, I agree",21-23,Female,University of Ruhuna,Medicine / Health Sciences,Year 3,"LKR 100,001 – 200,000",2.50 – 2.99,Slightly better than average,4–5 courses,4–5 assignments,Sometimes,Light,Always (100%),2–5 hours,4–6 days before,5–10 hours,10–15 hours,Below 50%,Yes,16–20 hours,Personal expenses,No impact,Office / Clerical work,Average,Moderate,4–5 hours,Sometimes,High,Quiet study space,30–60 minutes,0,2,3,7.5,18.0,25
"Yes, I agree",21-23,Male,Horizon Campus,IT / Computer Science,Year 3,"LKR 100,001 – 200,000",2.00 – 2.49,About average,6–7 courses,4–5 assignments,Sometimes,Light,Sometimes (50–74%),6–10 hours,More than 14 days before,Less than 5 hours,16–20 hours,50–69%,No,Not applicable (I do not have a job),Not applicable (I do not have a job),Not applicable (I do not have a job),Not applicable(I do not have a job),Excellent,Moderate,4–5 hours,Sometimes,Low,Personal laptop / computer;Quiet study space,I stay at the university hostel / near campus,0,2,3,2.5,0.0,60
"Yes, I agree",21-23,Female,University of Sri Jayewardenepura,Engineering,Year 2,"LKR 200,001 – 300,000",2.00 – 2.49,About average,6–7 courses,2–3 assignments,Sometimes,Moderate,Most of the time (75–99%),11–15 hours,4–6 days before,16–20 hours,10–15 hours,50–69%,Yes,16–20 hours,Work experience,No impact,Delivery / Driver,Good,Moderate,6–7 hours,Sometimes,High,Quiet study space,1–2 hours,0,3,2,18.0,18.0,60
"Yes, I agree",21-23,Female,Rajarata University,Arts / Humanities,Year 4,"LKR 200,001 – 300,000",2.50 – 2.99,Slightly better than average,8 or more courses,4–5 assignments,Sometimes,Moderate,Rarely (25–49%),11–15 hours,4–6 days before,11–15 hours,10–15 hours,70–79%,Yes,21–30 hours,Personal expenses,Slightly positive impact,Delivery / Driver,Good,Moderate,6–7 hours,Sometimes,Moderate,Required textbooks,30–60 minutes,0,3,3,13.0,25.5,75
"Yes, I agree",18-20,Male,Wayamba University,Business / Management,Year 2,"LKR 200,001 – 300,000",2.00 – 2.49,About average,6–7 courses,4–5 assignments,Sometimes,Very light,Most of the time (75–99%),6–10 hours,More than 14 days before,11–15 hours,Less than 10 hours,50–69%,Yes,16–20 hours,Financial support for family,Slightly negative impact,Freelance / Online work,Excellent,Low,6–7 hours,Rarely,High,Quiet study space,More than 2 hours,0,1,3,13.0,18.0,60
"Yes, I agree",27+,Female,Horizon Campus,IT / Computer Science,Year 3,"LKR 200,001 – 300,000",2.50 – 2.99,About average,4–5 courses,4–5 assignments,Sometimes,Moderate,Sometimes (50–74%),6–10 hours,1–3 days before,11–15 hours,16–20 hours,50–69%,No,Not applicable (I do not have a job),Not applicable (I do not have a job),Not applicable (I do not have a job),Not applicable(I do not have a job),Average,Low,6–7 hours,Often,High,Stable internet connection;Personal laptop / computer,I stay at the university hostel / near campus,0,3,3,13.0,0.0,60
"Yes, I agree",18-20,Female,University of Moratuwa,Law,Year 1,"LKR 50,000 – 100,000",2.50 – 2.99,About average,6–7 courses,2–3 assignments,Rarely,Very light,Most of the time (75–99%),Less than 2 hours,7–14 days before,Less than 5 hours,10–15 hours,Below 50%,Yes,16–20 hours,Financial support for studies;Financial support for family;Work experience,Very negative impact,Tutoring / Teaching,Excellent,Very high,Less than 4 hours,Sometimes,High,Personal laptop / computer;Quiet study space,30–60 minutes,0,1,2,2.5,18.0,25
"Yes, I agree",24-26,Prefer not to say,University of Moratuwa,Engineering,Year 2,"LKR 50,000 – 100,000",Below 2.00,Slightly better than average,8 or more courses,4–5 assignments,Sometimes,Light,Most of the time (75–99%),6–10 hours,4–6 days before,16–20 hours,21–25 hours,90–100%,Yes,16–20 hours,Financial support for family,Slightly negative impact,Shop / Restaurant / Retail,Good,Very high,4–5 hours,Sometimes,Moderate,Quiet study space,More than 2 hours,0,2,3,18.0,18.0,95
"Yes, I agree",24-26,Female,Horizon Campus,Science,Year 2,"LKR 50,000 – 100,000",2.00 – 2.49,Much better than average,4–5 courses,4–5 assignments,Sometimes,Moderate,Most of the time (75–99%),6–10 hours,1–3 days before,5–10 hours,10–15 hours,50–69%,No,Not applicable (I do not have a job),Not applicable (I do not have a job),Not applicable (I do not have a job),Not applicable(I do not have a job),Average,High,6–7 hours,Sometimes,High,Stable internet connection;Quiet study space,30–60 minutes,0,3,3,7.5,0.0,60
"Yes, I agree",18-20,Female,University of Moratuwa,Business / Management,Year 3,"LKR 200,001 – 300,000",2.50 – 2.99,Slightly better than average,4–5 courses,2–3 assignments,Never,Light,Most of the time (75–99%),6–10 hours,4–6 days before,16–20 hours,21–25 hours,70–79%,Yes,16–20 hours,Financial support for studies;Personal expenses;Work experience,Slightly negative impact,Freelance / Online work,Good,High,8–9 hours,Often,Moderate,Stable internet connection;Personal laptop / computer;Quiet study space,30–60 minutes,0,2,2,18.0,18.0,75
"Yes, I agree",18-20,Male,Wayamba University,Arts / Humanities,Year 1,"LKR 100,001 – 200,000",2.00 – 2.49,About average,4–5 courses,2–3 assignments,Sometimes,Light,Sometimes (50–74%),6–10 hours,7–14 days before,5–10 hours,16–20 hours,50–69%,Yes,10–15 hours,Work experience,Slightly negative impact,Delivery / Driver,Excellent,Moderate,Less than 4 hours,Rarely,High,Personal laptop / computer,30–60 minutes,0,2,2,7.5,12.5,60
"Yes, I agree",21-23,Prefer not to say,University of Ruhuna,Science,Year 3,"LKR 100,001 – 200,000",2.00 – 2.49,Much better than average,4–5 courses,2–3 assignments,Sometimes,Light,Sometimes (50–74%),6–10 hours,4–6 days before,5–10 hours,16–20 hours,50–69%,Yes,10–15 hours,Financial support for family,Slightly positive impact,Delivery / Driver,Average,High,6–7 hours,Sometimes,Moderate,Personal laptop / computer,More than 2 hours,0,2,2,7.5,12.5,60
"Yes, I agree",18-20,Male,Sabaragamuwa University,Business / Management,Year 2,"LKR 50,000 – 100,000",2.00 – 2.49,Slightly better than average,6–7 courses,4–5 assignments,Often,Heavy,Rarely (25–49%),2–5 hours,1–3 days before,16–20 hours,21–25 hours,70–79%,Yes,10–15 hours,Personal expenses,Slightly negative impact,Shop / Restaurant / Retail,Excellent,Moderate,8–9 hours,Often,Moderate,Personal laptop / computer,1–2 hours,0,4,3,18.0,12.5,75
"Yes, I agree",24-26,Male,Horizon Campus,Business / Management,Year 2,"LKR 200,001 – 300,000",2.50 – 2.99,Much better than average,4–5 courses,4–5 assignments,Often,Heavy,Sometimes (50–74%),2–5 hours,4–6 days before,5–10 hours,Less than 10 hours,80–89%,Yes,10–15 hours,Financial support for family,Very negative impact,Freelance / Online work,Good,Very high,6–7 hours,Sometimes,Moderate,Stable internet connection;Personal laptop / computer,30–60 minutes,0,4,3,7.5,12.5,85
"Yes, I agree",18-20,Prefer not to say,University of Kelaniya,IT / Computer Science,Year 1,"Below LKR 50,000",2.50 – 2.99,Much better than average,6–7 courses,2–3 assignments,Sometimes,Moderate,Most of the time (75–99%),2–5 hours,7–14 days before,11–15 hours,16–20 hours,80–89%,Yes,10–15 hours,Financial support for studies;Financial support for family;Personal expenses,Very negative impact,Delivery / Driver,Good,Moderate,8–9 hours,Often,Very high,Stable internet connection;Personal laptop / computer;Quiet study space,1–2 hours,0,3,2,13.0,12.5,85
"Yes, I agree",18-20,Female,Horizon Campus,IT / Computer Science,Year 1,"LKR 100,001 – 200,000",3.00 – 3.49,About average,6–7 courses,4–5 assignments,Rarely,Light,Most of the time (75–99%),Less than 2 hours,7–14 days before,5–10 hours,16–20 hours,50–69%,No,Not applicable (I do not have a job),Not applicable (I do not have a job),Not applicable (I do not have a job),Not applicable(I do not have a job),Average,Moderate,6–7 hours,Sometimes,Very high,Stable internet connection;Personal laptop / computer,30–60 minutes,1,2,3,7.5,0.0,60
"Yes, I agree",21-23,Female,University of Jaffna,Arts / Humanities,Year 3,Prefer not to say,2.00 – 2.49,Slightly below average,6–7 courses,6 or more assignments,Sometimes,Moderate,Sometimes (50–74%),More than 15 hours,More than 14 days before,11–15 hours,16–20 hours,80–89%,Yes,More than 30 hours,Other,No impact,Shop / Restaurant / Retail,Excellent,Very high,8–9 hours,Sometimes,Moderate,Personal laptop / computer,1–2 hours,0,3,4,13.0,35.0,85
"Yes, I agree",21-23,Female,University of Kelaniya,Medicine / Health Sciences,Year 2,"LKR 100,001 – 200,000",2.50 – 2.99,About average,4–5 courses,2–3 assignments,Sometimes,Moderate,Most of the time (75–99%),2–5 hours,7–14 days before,Less than 5 hours,10–15 hours,70–79%,Yes,16–20 hours,Financial support for family,Slightly positive impact,Delivery / Driver,Good,Very high,Less than 4 hours,Never,High,Personal laptop / computer;None of the above,30–60 minutes,0,3,2,2.5,18.0,75
"Yes, I agree",21-23,Male,Rajarata University,Medicine / Health Sciences,Year 2,"LKR 100,001 – 200,000",2.00 – 2.49,About average,1–3 courses,4–5 assignments,Sometimes,Heavy,Most of the time (75–99%),2–5 hours,More than 14 days before,5–10 hours,21–25 hours,50–69%,Yes,16–20 hours,Personal expenses,Slightly positive impact,Freelance / Online work,Good,High,4–5 hours,Rarely,High,Quiet study space,30–60 minutes,0,4,3,7.5,18.0,60
"Yes, I agree",27+,Male,Horizon Campus,IT / Computer Science,Year 2,"LKR 200,001 – 300,000",2.50 – 2.99,Slightly better than average,4–5 courses,4–5 assignments,Often,Light,Sometimes (50–74%),2–5 hours,7–14 days before,11–15 hours,Less than 10 hours,50–69%,No,Not applicable (I do not have a job),Not applicable (I do not have a job),Not applicable (I do not have a job),Not applicable(I do not have a job),Poor,Moderate,4–5 hours,Sometimes,Low,Personal laptop / computer,30–60 minutes,0,2,3,13.0,0.0,60
"Yes, I agree",24-26,Male,University of Sri Jayewardenepura,Science,Year 1,"LKR 50,000 – 100,000",2.00 – 2.49,Slightly below average,6–7 courses,6 or more assignments,Sometimes,Very light,Sometimes (50–74%),11–15 hours,4–6 days before,16–20 hours,10–15 hours,50–69%,Yes,10–15 hours,Financial support for studies;Financial support for family;Personal expenses;Work experience,Slightly negative impact,Shop / Restaurant / Retail,Good,Low,Less than 4 hours,Rarely,High,Stable internet connection;Personal laptop / computer;Required textbooks,30–60 minutes,0,1,4,18.0,12.5,60
"Yes, I agree",21-23,Female,University of Moratuwa,Medicine / Health Sciences,Year 1,"LKR 100,001 – 200,000",2.00 – 2.49,Much better than average,6–7 courses,2–3 assignments,Sometimes,Moderate,Rarely (25–49%),11–15 hours,1–3 days before,5–10 hours,Less than 10 hours,Below 50%,Yes,More than 30 hours,Financial support for family,No impact,Shop / Restaurant / Retail,Average,Moderate,4–5 hours,Rarely,High,Quiet study space,1–2 hours,0,3,2,7.5,35.0,25
"Yes, I agree",27+,Female,Horizon Campus,Business / Management,Year 3,"LKR 100,001 – 200,000",2.00 – 2.49,Much better than average,1–3 courses,2–3 assignments,Rarely,Light,Always (100%),6–10 hours,4–6 days before,5–10 hours,10–15 hours,80–89%,No,Not applicable (I do not have a job),Not applicable (I do not have a job),Not applicable (I do not have a job),Not applicable(I do not have a job),Average,Low,6–7 hours,Never,Very high,Stable internet connection;Personal laptop / computer,I stay at the university hostel / near campus,0,2,2,7.5,0.0,85
"Yes, I agree",24-26,Female,Open University of Sri Lanka,Science,Year 3,"LKR 100,001 – 200,000",2.00 – 2.49,About average,1–3 courses,6 or more assignments,Sometimes,Light,Sometimes (50–74%),2–5 hours,4–6 days before,16–20 hours,Less than 10 hours,70–79%,Yes,Less than 10 hours,Financial support for family,No impact,Shop / Restaurant / Retail,Average,High,4–5 hours,Rarely,High,Quiet study space,30–60 minutes,0,2,4,18.0,5.0,75
"Yes, I agree",27+,Prefer not to say,Wayamba University,Medicine / Health Sciences,Year 2,"Above LKR 300,000",3.00 – 3.49,Slightly better than average,8 or more courses,6 or more assignments,Often,Heavy,Sometimes (50–74%),11–15 hours,4–6 days before,5–10 hours,10–15 hours,70–79%,Yes,Less than 10 hours,Financial support for studies,Slightly positive impact,Shop / Restaurant / Retail,Average,Moderate,4–5 hours,Sometimes,High,Required textbooks,1–2 hours,1,4,4,7.5,5.0,75
"Yes, I agree",24-26,Female,Horizon Campus,IT / Computer Science,Year 4,"LKR 100,001 – 200,000",2.50 – 2.99,About average,6–7 courses,2–3 assignments,Often,Light,Most of the time (75–99%),11–15 hours,7–14 days before,11–15 hours,16–20 hours,80–89%,No,Not applicable (I do not have a job),Not applicable (I do not have a job),Not applicable (I do not have a job),Not applicable(I do not have a job),Good,Moderate,4–5 hours,Sometimes,Moderate,Stable internet connection;Personal laptop / computer,1–2 hours,0,2,2,13.0,0.0,85
"Yes, I agree",21-23,Female,University of Moratuwa,Medicine / Health Sciences,Year 2,"LKR 50,000 – 100,000",2.50 – 2.99,Slightly better than average,6–7 courses,4–5 assignments,Sometimes,Light,Sometimes (50–74%),6–10 hours,1–3 days before,11–15 hours,10–15 hours,70–79%,Yes,16–20 hours,Work experience,No impact,Shop / Restaurant / Retail,Average,Moderate,6–7 hours,Often,Low,Required textbooks,30–60 minutes,0,2,3,13.0,18.0,75
"Yes, I agree",24-26,Female,Horizon Campus,Education,Year 2,"LKR 200,001 – 300,000",2.50 – 2.99,Much better than average,1–3 courses,4–5 assignments,Sometimes,Heavy,Most of the time (75–99%),2–5 hours,1–3 days before,5–10 hours,10–15 hours,70–79%,No,Not applicable (I do not have a job),Not applicable (I do not have a job),Not applicable (I do not have a job),Not applicable(I do not have a job),Good,Low,6–7 hours,Sometimes,Moderate,Stable internet connection;Personal laptop / computer,30–60 minutes,0,4,3,7.5,0.0,75
"Yes, I agree",18-20,Male,University of Moratuwa,Education,Year 1,"Below LKR 50,000",2.50 – 2.99,Much below average,4–5 courses,2–3 assignments,Never,Heavy,Sometimes (50–74%),6–10 hours,More than 14 days before,16–20 hours,10–15 hours,90–100%,Yes,10–15 hours,Financial support for studies;Financial support for family;Work experience,No impact,Shop / Restaurant / Retail,Average,Very high,6–7 hours,Sometimes,Moderate,Stable internet connection;Personal laptop / computer;Quiet study space,Less than 30 minutes,0,4,2,18.0,12.5,95
"Yes, I agree",21-23,Female,University of Jaffna,Medicine / Health Sciences,Year 2,"LKR 200,001 – 300,000",2.50 – 2.99,About average,6–7 courses,4–5 assignments,Often,Light,Most of the time (75–99%),6–10 hours,4–6 days before,5–10 hours,16–20 hours,70–79%,Yes,16–20 hours,Personal expenses,Slightly negative impact,Shop / Restaurant / Retail,Average,Moderate,6–7 hours,Rarely,Very high,Quiet study space,30–60 minutes,0,2,3,7.5,18.0,75
"Yes, I agree",18-20,Male,University of Sri Jayewardenepura,Arts / Humanities,Year 2,"LKR 100,001 – 200,000",2.00 – 2.49,About average,1–3 courses,2–3 assignments,Sometimes,Very light,Most of the time (75–99%),2–5 hours,4–6 days before,5–10 hours,16–20 hours,Below 50%,Yes,21–30 hours,Financial support for family,Slightly negative impact,Shop / Restaurant / Retail,Good,Moderate,4–5 hours,Sometimes,High,Personal laptop / computer,1–2 hours,0,1,2,7.5,25.5,25
"Yes, I agree",21-23,Female,University of Jaffna,Medicine / Health Sciences,Year 3,"LKR 100,001 – 200,000",Below 2.00,About average,1–3 courses,2–3 assignments,Rarely,Moderate,Sometimes (50–74%),6–10 hours,1–3 days before,11–15 hours,21–25 hours,90–100%,Yes,21–30 hours,Personal expenses,No impact,Delivery / Driver,Average,High,4–5 hours,Often,Very high,Personal laptop / computer,More than 2 hours,0,3,2,13.0,25.5,95
"Yes, I agree",21-23,Male,University of Moratuwa,Science,Year 3,"LKR 100,001 – 200,000",3.00 – 3.49,Slightly below average,4–5 courses,4–5 assignments,Rarely,Light,Most of the time (75–99%),6–10 hours,4–6 days before,5–10 hours,16–20 hours,50–69%,Yes,16–20 hours,Financial support for family,No impact,Freelance / Online work,Good,High,4–5 hours,Rarely,Moderate,Required textbooks,1–2 hours,1,2,3,7.5,18.0,60
"Yes, I agree",18-20,Female,Horizon Campus,Law,Year 2,"LKR 50,000 – 100,000",2.50 – 2.99,About average,6–7 courses,2–3 assignments,Sometimes,Moderate,Most of the time (75–99%),6–10 hours,1–3 days before,11–15 hours,Less than 10 hours,80–89%,No,16–20 hours,Financial support for studies;Financial support for family,No impact,Freelance / Online work,Average,High,8–9 hours,Sometimes,Moderate,Stable internet connection;Personal laptop / computer,Less than 30 minutes,0,3,2,13.0,0.0,85
"Yes, I agree",24-26,Female,University of Kelaniya,Business / Management,Year 2,"LKR 50,000 – 100,000",2.00 – 2.49,About average,4–5 courses,6 or more assignments,Often,Light,Most of the time (75–99%),2–5 hours,More than 14 days before,Less than 5 hours,Less than 10 hours,50–69%,Yes,10–15 hours,Personal expenses,No impact,Freelance / Online work,Excellent,Moderate,6–7 hours,Sometimes,High,Personal laptop / computer,30–60 minutes,0,2,4,2.5,12.5,60
"Yes, I agree",21-23,Female,Horizon Campus,Business / Management,Year 2,"LKR 200,001 – 300,000",2.00 – 2.49,About average,6–7 courses,2–3 assignments,Often,Moderate,Most of the time (75–99%),2–5 hours,1–3 days before,11–15 hours,10–15 hours,70–79%,No,Not applicable (I do not have a job),Not applicable (I do not have a job),Not applicable (I do not have a job),Not applicable(I do not have a job),Average,Very high,8–9 hours,Rarely,Low,Stable internet connection;Personal laptop / computer,1–2 hours,0,3,2,13.0,0.0,75
"Yes, I agree",21-23,Prefer not to say,Rajarata University,Arts / Humanities,Year 2,"LKR 100,001 – 200,000",2.50 – 2.99,Slightly below average,4–5 courses,2–3 assignments,Sometimes,Moderate,Sometimes (50–74%),11–15 hours,7–14 days before,11–15 hours,16–20 hours,80–89%,Yes,10–15 hours,Work experience,Very positive impact,Delivery / Driver,Excellent,High,6–7 hours,Sometimes,High,Quiet study space,1–2 hours,0,3,2,13.0,12.5,85
"Yes, I agree",21-23,Male,Sabaragamuwa University,Medicine / Health Sciences,Year 1,"LKR 100,001 – 200,000",2.00 – 2.49,About average,1–3 courses,2–3 assignments,Never,Moderate,Most of the time (75–99%),6–10 hours,4–6 days before,11–15 hours,16–20 hours,50–69%,Yes,16–20 hours,Work experience,Slightly positive impact,Shop / Restaurant / Retail,Average,Moderate,4–5 hours,Rarely,High,Personal laptop / computer,30–60 minutes,0,3,2,13.0,18.0,60
"Yes, I agree",18-20,Female,University of Jaffna,Engineering,Year 1,"LKR 100,001 – 200,000",3.00 – 3.49,Slightly below average,6–7 courses,4–5 assignments,Rarely,Light,Most of the time (75–99%),6–10 hours,4–6 days before,More than 20 hours,16–20 hours,70–79%,Yes,16–20 hours,Financial support for studies;Financial support for family;Personal expenses,Slightly negative impact,Freelance / Online work,Poor,High,4–5 hours,Rarely,Very high,Personal laptop / computer;Quiet study space;Required textbooks,30–60 minutes,1,2,3,7.5,18.0,75
"Yes, I agree",21-23,Female,Horizon Campus,Law,Year 1,"LKR 100,001 – 200,000",2.00 – 2.49,Slightly below average,6–7 courses,4–5 assignments,Rarely,Very light,Most of the time (75–99%),2–5 hours,4–6 days before,16–20 hours,10–15 hours,Below 50%,No,Not applicable (I do not have a job),Not applicable (I do not have a job),Not applicable (I do not have a job),Not applicable(I do not have a job),Average,Moderate,4–5 hours,Sometimes,Moderate,Stable internet connection;Personal laptop / computer,Less than 30 minutes,0,1,3,18.0,0.0,25
"Yes, I agree",18-20,Female,University of Sri Jayewardenepura,Medicine / Health Sciences,Year 3,"LKR 50,000 – 100,000",2.00 – 2.49,About average,6–7 courses,4–5 assignments,Rarely,Very light,Always (100%),6–10 hours,1–3 days before,11–15 hours,21–25 hours,70–79%,Yes,21–30 hours,Work experience,No impact,Delivery / Driver,Good,Moderate,6–7 hours,Rarely,Moderate,Personal laptop / computer,30–60 minutes,0,1,3,13.0,25.5,75
"Yes, I agree",18-20,Female,South Eastern University,Arts / Humanities,Year 1,"LKR 100,001 – 200,000",Below 2.00,Slightly below average,6–7 courses,0–1 assignments,Sometimes,Light,Rarely (25–49%),2–5 hours,7–14 days before,Less than 5 hours,21–25 hours,50–69%,Yes,16–20 hours,Work experience,No impact,Delivery / Driver,Good,Moderate,6–7 hours,Often,High,Quiet study space,30–60 minutes,0,2,1,2.5,18.0,60
"Yes, I agree",24-26,Female,Sabaragamuwa University,Science,Year 2,"Above LKR 300,000",2.00 – 2.49,Much below average,6–7 courses,2–3 assignments,Sometimes,Very light,Most of the time (75–99%),6–10 hours,7–14 days before,11–15 hours,16–20 hours,50–69%,Yes,More than 30 hours,Personal expenses,Very negative impact,Office / Clerical work,Good,Moderate,6–7 hours,Rarely,Moderate,Quiet study space,1–2 hours,0,1,2,13.0,35.0,60
"Yes, I agree",24-26,Male,University of Colombo,Law,Year 1,"LKR 100,001 – 200,000",3.00 – 3.49,Slightly below average,4–5 courses,6 or more assignments,Often,Very heavy,Most of the time (75–99%),2–5 hours,More than 14 days before,11–15 hours,Less than 10 hours,Below 50%,Yes,10–15 hours,Financial support for studies;Financial support for family;Personal expenses;Work experience,Very negative impact,Tutoring / Teaching,Good,Low,4–5 hours,Sometimes,Very low,Stable internet connection;Quiet study space;Required textbooks,30–60 minutes,1,5,4,13.0,12.5,25
"Yes, I agree",24-26,Female,Horizon Campus,Business / Management,Year 2,"LKR 100,001 – 200,000",2.00 – 2.49,About average,6–7 courses,2–3 assignments,Often,Light,Sometimes (50–74%),6–10 hours,4–6 days before,5–10 hours,10–15 hours,90–100%,No,Not applicable (I do not have a job),Not applicable (I do not have a job),Not applicable (I do not have a job),Not applicable(I do not have a job),Good,Moderate,6–7 hours,Often,High,Stable internet connection;Personal laptop / computer,Less than 30 minutes,0,2,2,7.5,0.0,95
"Yes, I agree",18-20,Female,University of Kelaniya,IT / Computer Science,Year 2,"LKR 200,001 – 300,000",3.00 – 3.49,Slightly below average,4–5 courses,2–3 assignments,Sometimes,Moderate,Sometimes (50–74%),2–5 hours,1–3 days before,5–10 hours,16–20 hours,50–69%,Yes,16–20 hours,Financial support for studies,Slightly negative impact,Shop / Restaurant / Retail,Excellent,Low,8–9 hours,Often,Moderate,Required textbooks,1–2 hours,1,3,2,7.5,18.0,60
"Yes, I agree",21-23,Male,Sabaragamuwa University,Science,Year 3,"Below LKR 50,000",2.50 – 2.99,About average,4–5 courses,2–3 assignments,Always,Moderate,Sometimes (50–74%),2–5 hours,4–6 days before,5–10 hours,16–20 hours,Below 50%,Yes,16–20 hours,Work experience,No impact,Delivery / Driver,Good,Moderate,6–7 hours,Sometimes,Moderate,Quiet study space,Less than 30 minutes,0,3,2,7.5,18.0,25
"Yes, I agree",21-23,Male,Horizon Campus,IT / Computer Science,Year 3,"LKR 100,001 – 200,000",2.00 – 2.49,Slightly better than average,4–5 courses,2–3 assignments,Sometimes,Light,Most of the time (75–99%),2–5 hours,7–14 days before,11–15 hours,Less than 10 hours,50–69%,No,Not applicable (I do not have a job),Not applicable (I do not have a job),Not applicable (I do not have a job),Not applicable(I do not have a job),Average,High,6–7 hours,Rarely,High,Stable internet connection;Personal laptop / computer,30–60 minutes,0,2,2,13.0,0.0,60
"Yes, I agree",18-20,Female,South Eastern University,Business / Management,Year 2,"LKR 200,001 – 300,000",3.00 – 3.49,About average,8 or more courses,4–5 assignments,Sometimes,Moderate,Sometimes (50–74%),2–5 hours,4–6 days before,11–15 hours,10–15 hours,70–79%,Yes,16–20 hours,Work experience,No impact,Shop / Restaurant / Retail,Average,Very high,4–5 hours,Rarely,High,Required textbooks,30–60 minutes,1,3,3,13.0,18.0,75
"Yes, I agree",21-23,Male,University of Sri Jayewardenepura,Medicine / Health Sciences,Year 2,"LKR 100,001 – 200,000",2.00 – 2.49,Slightly better than average,4–5 courses,0–1 assignments,Often,Moderate,Sometimes (50–74%),2–5 hours,7–14 days before,5–10 hours,16–20 hours,50–69%,Yes,10–15 hours,Financial support for studies,Very negative impact,Tutoring / Teaching,Excellent,Very high,4–5 hours,Sometimes,Moderate,Quiet study space,Less than 30 minutes,0,3,1,7.5,12.5,60
"Yes, I agree",21-23,Female,University of Jaffna,Engineering,Year 3,"LKR 50,000 – 100,000",2.50 – 2.99,About average,4–5 courses,2–3 assignments,Never,Very light,Most of the time (75–99%),2–5 hours,4–6 days before,5–10 hours,21–25 hours,Below 50%,Yes,More than 30 hours,Financial support for family;Personal expenses;Work experience;Other,Very positive impact,Freelance / Online work,Excellent,Very high,6–7 hours,Sometimes,High,Stable internet connection;Personal laptop / computer;Quiet study space;Required textbooks,30–60 minutes,0,1,2,7.5,35.0,25
"Yes, I agree",21-23,Female,Horizon Campus,Business / Management,Year 2,"LKR 50,000 – 100,000",3.00 – 3.49,About average,6–7 courses,2–3 assignments,Often,Moderate,Sometimes (50–74%),2–5 hours,7–14 days before,11–15 hours,16–20 hours,70–79%,No,Not applicable (I do not have a job),Not applicable (I do not have a job),Not applicable (I do not have a job),Not applicable(I do not have a job),Average,Moderate,8–9 hours,Often,Very high,Stable internet connection;Quiet study space,1–2 hours,1,3,2,13.0,0.0,75
"Yes, I agree",21-23,Female,Rajarata University,Business / Management,Year 2,"LKR 50,000 – 100,000",2.00 – 2.49,About average,6–7 courses,2–3 assignments,Rarely,Moderate,Most of the time (75–99%),2–5 hours,4–6 days before,5–10 hours,21–25 hours,50–69%,Yes,Less than 10 hours,Financial support for studies,Slightly positive impact,Shop / Restaurant / Retail,Poor,High,6–7 hours,Sometimes,Moderate,Personal laptop / computer,30–60 minutes,0,3,2,7.5,5.0,60
"Yes, I agree",21-23,Prefer not to say,University of Sri Jayewardenepura,Business / Management,Year 2,"LKR 100,001 – 200,000",2.00 – 2.49,About average,6–7 courses,2–3 assignments,Sometimes,Light,Sometimes (50–74%),2–5 hours,1–3 days before,5–10 hours,16–20 hours,70–79%,Yes,16–20 hours,Financial support for family,No impact,Freelance / Online work,Good,High,4–5 hours,Rarely,Moderate,Quiet study space,30–60 minutes,0,2,2,7.5,18.0,75
"Yes, I agree",21-23,Female,Sabaragamuwa University,Medicine / Health Sciences,Year 2,"LKR 200,001 – 300,000",2.00 – 2.49,About average,4–5 courses,2–3 assignments,Rarely,Moderate,Sometimes (50–74%),11–15 hours,7–14 days before,Less than 5 hours,10–15 hours,Below 50%,Yes,16–20 hours,Personal expenses,Slightly positive impact,Shop / Restaurant / Retail,Excellent,Moderate,4–5 hours,Sometimes,Moderate,Stable internet connection,30–60 minutes,0,3,2,2.5,18.0,25
"Yes, I agree",21-23,Female,Horizon Campus,Business / Management,Year 2,"LKR 100,001 – 200,000",2.00 – 2.49,Much better than average,1–3 courses,4–5 assignments,Often,Very light,Rarely (25–49%),11–15 hours,4–6 days before,Less than 5 hours,10–15 hours,90–100%,No,Not applicable (I do not have a job),Not applicable (I do not have a job),Not applicable (I do not have a job),Not applicable(I do not have a job),Good,Low,4–5 hours,Sometimes,Moderate,Stable internet connection;Personal laptop / computer,30–60 minutes,0,1,3,2.5,0.0,95
"Yes, I agree",18-20,Male,University of Jaffna,Engineering,Year 2,"Above LKR 300,000",2.50 – 2.99,Slightly below average,1–3 courses,2–3 assignments,Sometimes,Moderate,Rarely (25–49%),11–15 hours,4–6 days before,Less than 5 hours,16–20 hours,50–69%,Yes,10–15 hours,Financial support for family,Slightly negative impact,Shop / Restaurant / Retail,Good,Moderate,6–7 hours,Sometimes,High,Quiet study space,More than 2 hours,0,3,2,2.5,12.5,60
"Yes, I agree",21-23,Female,University of Kelaniya,Medicine / Health Sciences,Year 3,"LKR 50,000 – 100,000",2.00 – 2.49,Slightly better than average,4–5 courses,4–5 assignments,Never,Very light,Most of the time (75–99%),6–10 hours,4–6 days before,11–15 hours,10–15 hours,Below 50%,Yes,10–15 hours,Financial support for family;Personal expenses;Work experience,Very negative impact,Shop / Restaurant / Retail,Good,Very high,4–5 hours,Rarely,Moderate,Stable internet connection;Personal laptop / computer;Quiet study space,1–2 hours,0,1,3,13.0,12.5,25
"Yes, I agree",24-26,Male,Horizon Campus,Business / Management,Year 1,"LKR 50,000 – 100,000",2.50 – 2.99,Slightly better than average,4–5 courses,4–5 assignments,Rarely,Moderate,Most of the time (75–99%),6–10 hours,4–6 days before,5–10 hours,Less than 10 hours,Below 50%,No,Not applicable (I do not have a job),Not applicable (I do not have a job),Not applicable (I do not have a job),Not applicable(I do not have a job),Good,Moderate,6–7 hours,Sometimes,High,Stable internet connection;Quiet study space,Less than 30 minutes,0,3,3,7.5,0.0,25
"Yes, I agree",21-23,Male,University of Jaffna,Engineering,Year 1,"LKR 100,001 – 200,000",2.00 – 2.49,Slightly better than average,4–5 courses,2–3 assignments,Sometimes,Moderate,Sometimes (50–74%),6–10 hours,4–6 days before,5–10 hours,16–20 hours,50–69%,Yes,16–20 hours,Personal expenses,Very negative impact,Shop / Restaurant / Retail,Excellent,Moderate,8–9 hours,Never,Moderate,Required textbooks,More than 2 hours,0,3,2,7.5,18.0,60
"Yes, I agree",21-23,Prefer not to say,Wayamba University,Education,Year 3,"LKR 200,001 – 300,000",2.00 – 2.49,About average,1–3 courses,2–3 assignments,Sometimes,Heavy,Sometimes (50–74%),2–5 hours,7–14 days before,11–15 hours,16–20 hours,70–79%,Yes,10–15 hours,Financial support for studies,Slightly negative impact,Shop / Restaurant / Retail,Good,Low,8–9 hours,Rarely,High,Quiet study space,1–2 hours,0,4,2,13.0,12.5,75
"Yes, I agree",18-20,Male,University of Jaffna,Medicine / Health Sciences,Year 2,"LKR 100,001 – 200,000",2.00 – 2.49,Slightly better than average,6–7 courses,4–5 assignments,Rarely,Light,Rarely (25–49%),6–10 hours,4–6 days before,5–10 hours,21–25 hours,70–79%,Yes,21–30 hours,Work experience,Very positive impact,Shop / Restaurant / Retail,Good,Moderate,6–7 hours,Rarely,Moderate,Personal laptop / computer,More than 2 hours,0,2,3,7.5,25.5,75
"Yes, I agree",24-26,Female,Horizon Campus,Business / Management,Year 2,"LKR 200,001 – 300,000",2.50 – 2.99,Slightly better than average,4–5 courses,4–5 assignments,Rarely,Moderate,Rarely (25–49%),2–5 hours,4–6 days before,5–10 hours,10–15 hours,70–79%,No,21–30 hours,Financial support for studies;Financial support for family,Slightly negative impact,Delivery / Driver,Average,Very low,4–5 hours,Always,High,Stable internet connection;Personal laptop / computer,30–60 minutes,0,3,3,7.5,0.0,75
"Yes, I agree",21-23,Prefer not to say,University of Ruhuna,IT / Computer Science,Year 2,"LKR 200,001 – 300,000",Below 2.00,About average,8 or more courses,0–1 assignments,Sometimes,Very light,Sometimes (50–74%),Less than 2 hours,7–14 days before,5–10 hours,10–15 hours,50–69%,Yes,10–15 hours,Work experience,Slightly negative impact,Delivery / Driver,Average,Very high,6–7 hours,Sometimes,Moderate,Personal laptop / computer,Less than 30 minutes,0,1,1,7.5,12.5,60
"Yes, I agree",24-26,Female,Sabaragamuwa University,Business / Management,Year 2,"LKR 100,001 – 200,000",2.50 – 2.99,About average,6–7 courses,4–5 assignments,Sometimes,Moderate,Most of the time (75–99%),6–10 hours,7–14 days before,11–15 hours,10–15 hours,70–79%,Yes,21–30 hours,Other,Slightly negative impact,Delivery / Driver,Average,Moderate,6–7 hours,Often,High,Personal laptop / computer,30–60 minutes,0,3,3,13.0,25.5,75
"Yes, I agree",18-20,Female,University of Moratuwa,Arts / Humanities,Year 2,"LKR 100,001 – 200,000",2.00 – 2.49,About average,8 or more courses,6 or more assignments,Rarely,Light,Most of the time (75–99%),2–5 hours,4–6 days before,5–10 hours,21–25 hours,80–89%,Yes,21–30 hours,Work experience,No impact,Shop / Restaurant / Retail,Good,Low,6–7 hours,Often,Moderate,Personal laptop / computer,30–60 minutes,0,2,4,7.5,25.5,85
"Yes, I agree",21-23,Female,University of Sri Jayewardenepura,Arts / Humanities,Year 4,"Above LKR 300,000",3.50 – 4.00,Slightly below average,6–7 courses,2–3 assignments,Never,Heavy,Rarely (25–49%),6–10 hours,4–6 days before,11–15 hours,16–20 hours,50–69%,Yes,21–30 hours,Financial support for studies;Other,No impact,Shop / Restaurant / Retail,Average,Moderate,6–7 hours,Often,High,Stable internet connection;Personal laptop / computer;Quiet study space,Less than 30 minutes,1,4,2,13.0,25.5,60
"Yes, I agree",18-20,Male,Horizon Campus,Science,Year 1,"LKR 200,001 – 300,000",2.00 – 2.49,About average,4–5 courses,0–1 assignments,Often,Moderate,Always (100%),Less than 2 hours,7–14 days before,5–10 hours,10–15 hours,50–69%,No,16–20 hours,Financial support for family;Work experience,No impact,Freelance / Online work,Excellent,High,8–9 hours,Always,High,Personal laptop / computer,Less than 30 minutes,0,3,1,7.5,0.0,60
"Yes, I agree",21-23,Male,University of Kelaniya,Business / Management,Year 2,"LKR 50,000 – 100,000",2.50 – 2.99,Slightly below average,6–7 courses,2–3 assignments,Often,Moderate,Sometimes (50–74%),11–15 hours,4–6 days before,11–15 hours,16–20 hours,50–69%,Yes,10–15 hours,Financial support for family,Slightly negative impact,Tutoring / Teaching,Average,Moderate,6–7 hours,Sometimes,Low,Required textbooks,1–2 hours,0,3,2,13.0,12.5,60
"Yes, I agree",21-23,Female,Horizon Campus,IT / Computer Science,Year 2,"Above LKR 300,000",2.50 – 2.99,Slightly better than average,4–5 courses,4–5 assignments,Sometimes,Light,Sometimes (50–74%),6–10 hours,4–6 days before,11–15 hours,Less than 10 hours,70–79%,No,Not applicable (I do not have a job),Not applicable (I do not have a job),Not applicable (I do not have a job),Not applicable(I do not have a job),Average,Low,6–7 hours,Rarely,Moderate,Personal laptop / computer;Required textbooks,30–60 minutes,0,2,3,13.0,0.0,75
"Yes, I agree",21-23,Male,University of Kelaniya,IT / Computer Science,Year 2,"LKR 200,001 – 300,000",2.50 – 2.99,Slightly better than average,6–7 courses,2–3 assignments,Sometimes,Very light,Most of the time (75–99%),2–5 hours,7–14 days before,11–15 hours,21–25 hours,50–69%,Yes,More than 30 hours,Financial support for studies;Work experience;Other,No impact,Delivery / Driver,Poor,Low,6–7 hours,Sometimes,Moderate,Stable internet connection;Personal laptop / computer;Required textbooks,More than 2 hours,0,1,2,13.0,35.0,60
"Yes, I agree",18-20,Male,Horizon Campus,Education,Year 2,"LKR 100,001 – 200,000",2.50 – 2.99,Slightly better than average,6–7 courses,2–3 assignments,Sometimes,Moderate,Rarely (25–49%),11–15 hours,More than 14 days before,11–15 hours,10–15 hours,70–79%,No,Not applicable (I do not have a job),Not applicable (I do not have a job),Not applicable (I do not have a job),Not applicable(I do not have a job),Average,Very high,8–9 hours,Sometimes,Moderate,Stable internet connection;Personal laptop / computer,Less than 30 minutes,0,3,2,13.0,0.0,75
"Yes, I agree",21-23,Female,University of Sri Jayewardenepura,Medicine / Health Sciences,Year 3,"LKR 100,001 – 200,000",2.00 – 2.49,About average,6–7 courses,4–5 assignments,Often,Moderate,Most of the time (75–99%),Less than 2 hours,More than 14 days before,16–20 hours,Less than 10 hours,50–69%,Yes,10–15 hours,Financial support for family,Slightly positive impact,Freelance / Online work,Good,High,4–5 hours,Sometimes,Moderate,Required textbooks,Less than 30 minutes,0,3,3,18.0,12.5,60
"Yes, I agree",21-23,Female,Horizon Campus,Business / Management,Year 3,"LKR 100,001 – 200,000",3.00 – 3.49,Much below average,1–3 courses,4–5 assignments,Often,Moderate,Most of the time (75–99%),11–15 hours,On the day of the exam,5–10 hours,More than 25 hours,Below 50%,Yes,16–20 hours,Financial support for studies;Personal expenses,Slightly positive impact,Shop / Restaurant / Retail,Excellent,Moderate,6–7 hours,Sometimes,High,Personal laptop / computer;Quiet study space,Less than 30 minutes,1,3,3,7.5,18.0,25
"Yes, I agree",21-23,Female,University of Colombo,Engineering,Year 1,"LKR 50,000 – 100,000",2.00 – 2.49,About average,1–3 courses,0–1 assignments,Rarely,Light,Sometimes (50–74%),11–15 hours,7–14 days before,Less than 5 hours,Less than 10 hours,Below 50%,Yes,Less than 10 hours,Financial support for family,Slightly negative impact,Tutoring / Teaching,Excellent,Moderate,6–7 hours,Sometimes,High,Personal laptop / computer,30–60 minutes,0,2,1,2.5,5.0,25
"Yes, I agree",24-26,Male,University of Kelaniya,Medicine / Health Sciences,Year 3,"LKR 50,000 – 100,000",3.00 – 3.49,Much better than average,1–3 courses,0–1 assignments,Sometimes,Very light,Rarely (25–49%),2–5 hours,1–3 days before,16–20 hours,21–25 hours,70–79%,Yes,16–20 hours,Financial support for studies;Financial support for family;Personal expenses,Very negative impact,Freelance / Online work,Excellent,High,4–5 hours,Sometimes,Moderate,Stable internet connection;Quiet study space;Required textbooks,30–60 minutes,1,1,1,18.0,18.0,75
"Yes, I agree",24-26,Male,Horizon Campus,IT / Computer Science,Year 1,"LKR 100,001 – 200,000",3.00 – 3.49,Slightly better than average,8 or more courses,6 or more assignments,Often,Moderate,Rarely (25–49%),2–5 hours,4–6 days before,5–10 hours,10–15 hours,50–69%,No,Not applicable (I do not have a job),Not applicable (I do not have a job),Not applicable (I do not have a job),Not applicable(I do not have a job),Average,High,Less than 4 hours,Never,High,Stable internet connection;Quiet study space,Less than 30 minutes,1,3,4,7.5,0.0,60
"Yes, I agree",21-23,Male,Rajarata University,Business / Management,Year 1,"Below LKR 50,000",2.00 – 2.49,Much better than average,4–5 courses,2–3 assignments,Rarely,Light,Sometimes (50–74%),6–10 hours,7–14 days before,11–15 hours,16–20 hours,50–69%,Yes,16–20 hours,Work experience,No impact,Shop / Restaurant / Retail,Good,Very high,Less than 4 hours,Rarely,Moderate,Personal laptop / computer,Less than 30 minutes,0,2,2,13.0,18.0,60
"Yes, I agree",27+,Female,Sabaragamuwa University,Science,Year 2,"Above LKR 300,000",2.00 – 2.49,Slightly better than average,6–7 courses,4–5 assignments,Rarely,Light,Most of the time (75–99%),6–10 hours,4–6 days before,11–15 hours,21–25 hours,80–89%,Yes,Less than 10 hours,Other,Slightly positive impact,Shop / Restaurant / Retail,Average,High,4–5 hours,Sometimes,High,Quiet study space,30–60 minutes,0,2,3,13.0,5.0,85
"Yes, I agree",18-20,Male,University of Kelaniya,Arts / Humanities,Year 4,"Above LKR 300,000",2.00 – 2.49,About average,4–5 courses,2–3 assignments,Sometimes,Moderate,Most of the time (75–99%),6–10 hours,1–3 days before,11–15 hours,16–20 hours,70–79%,Yes,21–30 hours,Personal expenses,Slightly negative impact,Freelance / Online work,Good,Moderate,8–9 hours,Sometimes,Moderate,Personal laptop / computer,30–60 minutes,0,3,2,13.0,25.5,75
"Yes, I agree",24-26,Female,University of Peradeniya,Medicine / Health Sciences,Year 1,"LKR 100,001 – 200,000",3.50 – 4.00,Slightly below average,6–7 courses,2–3 assignments,Often,Moderate,Always (100%),Less than 2 hours,7–14 days before,Less than 5 hours,16–20 hours,70–79%,Yes,16–20 hours,Financial support for studies;Financial support for family;Work experience,Slightly negative impact,Shop / Restaurant / Retail,Average,High,4–5 hours,Rarely,Moderate,Stable internet connection;Personal laptop / computer;Quiet study space;Required textbooks,1–2 hours,1,3,2,2.5,18.0,75
"Yes, I agree",21-23,Female,Horizon Campus,IT / Computer Science,Year 1,"LKR 100,001 – 200,000",2.00 – 2.49,Slightly better than average,6–7 courses,4–5 assignments,Often,Light,Sometimes (50–74%),2–5 hours,7–14 days before,Less than 5 hours,16–20 hours,70–79%,No,Not applicable (I do not have a job),Not applicable (I do not have a job),Not applicable (I do not have a job),Not applicable(I do not have a job),Good,Low,6–7 hours,Sometimes,Moderate,Stable internet connection;Personal laptop / computer,30–60 minutes,0,2,3,2.5,0.0,75
"Yes, I agree",24-26,Male,University of Sri Jayewardenepura,Business / Management,Year 1,"LKR 50,000 – 100,000",2.50 – 2.99,Slightly better than average,4–5 courses,0–1 assignments,Sometimes,Light,Most of the time (75–99%),Less than 2 hours,7–14 days before,11–15 hours,21–25 hours,70–79%,Yes,16–20 hours,Financial support for family,Slightly negative impact,Freelance / Online work,Excellent,Very high,4–5 hours,Rarely,High,Stable internet connection,30–60 minutes,0,2,1,13.0,18.0,75
"Yes, I agree",21-23,Male,Rajarata University,Business / Management,Year 1,"LKR 100,001 – 200,000",2.50 – 2.99,Much better than average,4–5 courses,2–3 assignments,Sometimes,Light,Most of the time (75–99%),6–10 hours,7–14 days before,Less than 5 hours,10–15 hours,50–69%,Yes,16–20 hours,Personal expenses,No impact,Delivery / Driver,Good,High,6–7 hours,Sometimes,High,Stable internet connection,30–60 minutes,0,2,2,2.5,18.0,60
"Yes, I agree",21-23,Female,University of Peradeniya,Business / Management,Year 2,"LKR 200,001 – 300,000",2.50 – 2.99,Much better than average,4–5 courses,4–5 assignments,Sometimes,Very light,Always (100%),More than 15 hours,7–14 days before,5–10 hours,16–20 hours,50–69%,Yes,More than 30 hours,Work experience,No impact,Delivery / Driver,Good,High,4–5 hours,Often,High,Personal laptop / computer,Less than 30 minutes,0,1,3,7.5,35.0,60
"Yes, I agree",18-20,Female,Sabaragamuwa University,Education,Year 3,"LKR 200,001 – 300,000",2.50 – 2.99,Slightly better than average,1–3 courses,6 or more assignments,Never,Moderate,Sometimes (50–74%),6–10 hours,7–14 days before,5–10 hours,16–20 hours,50–69%,Yes,More than 30 hours,Financial support for studies;Financial support for family;Work experience,No impact,Tutoring / Teaching,Poor,High,6–7 hours,Sometimes,Moderate,Stable internet connection;Personal laptop / computer;Quiet study space;Required textbooks,30–60 minutes,0,3,4,7.5,35.0,60
"Yes, I agree",24-26,Female,Horizon Campus,Business / Management,Year 2,"LKR 100,001 – 200,000",2.50 – 2.99,About average,4–5 courses,4–5 assignments,Sometimes,Very light,Most of the time (75–99%),Less than 2 hours,7–14 days before,5–10 hours,10–15 hours,80–89%,No,16–20 hours,Financial support for studies;Personal expenses,No impact,Tutoring / Teaching,Average,Moderate,6–7 hours,Often,Moderate,Stable internet connection;Quiet study space,Less than 30 minutes,0,1,3,7.5,0.0,85
"Yes, I agree",21-23,Female,University of Kelaniya,IT / Computer Science,Year 2,"LKR 50,000 – 100,000",2.00 – 2.49,Slightly better than average,4–5 courses,4–5 assignments,Sometimes,Light,Sometimes (50–74%),11–15 hours,1–3 days before,11–15 hours,Less than 10 hours,50–69%,Yes,Less than 10 hours,Financial support for studies,Very negative impact,Tutoring / Teaching,Excellent,Very high,Less than 4 hours,Sometimes,High,Personal laptop / computer,Less than 30 minutes,0,2,3,13.0,5.0,60
"Yes, I agree",18-20,Female,University of Colombo,Engineering,Year 1,"LKR 50,000 – 100,000",2.50 – 2.99,Slightly below average,1–3 courses,0–1 assignments,Rarely,Light,Always (100%),2–5 hours,7–14 days before,Less than 5 hours,Less than 10 hours,70–79%,Yes,21–30 hours,Other,Very positive impact,Delivery / Driver,Excellent,Very high,4–5 hours,Sometimes,High,Personal laptop / computer,1–2 hours,0,2,1,2.5,25.5,75
"Yes, I agree",24-26,Male,University of Ruhuna,Engineering,Year 3,"LKR 50,000 – 100,000",2.50 – 2.99,Slightly better than average,6–7 courses,2–3 assignments,Rarely,Heavy,Sometimes (50–74%),2–5 hours,More than 14 days before,Less than 5 hours,10–15 hours,80–89%,Yes,Less than 10 hours,Financial support for studies;Financial support for family;Personal expenses,Very negative impact,Freelance / Online work,Excellent,Moderate,8–9 hours,Often,High,Stable internet connection;Personal laptop / computer;Quiet study space;Required textbooks,Less than 30 minutes,0,4,2,2.5,5.0,85
"Yes, I agree",24-26,Female,University of Sri Jayewardenepura,IT / Computer Science,Year 3,"LKR 200,001 – 300,000",3.00 – 3.49,Slightly better than average,4–5 courses,4–5 assignments,Sometimes,Very light,Sometimes (50–74%),6–10 hours,1–3 days before,5–10 hours,16–20 hours,50–69%,Yes,21–30 hours,Personal expenses,Slightly positive impact,Delivery / Driver,Average,Low,6–7 hours,Sometimes,Moderate,Quiet study space,30–60 minutes,1,1,3,7.5,25.5,60
"Yes, I agree",18-20,Female,University of Kelaniya,Medicine / Health Sciences,Year 1,"LKR 50,000 – 100,000",2.00 – 2.49,Slightly better than average,4–5 courses,4–5 assignments,Often,Moderate,Sometimes (50–74%),More than 15 hours,7–14 days before,Less than 5 hours,Less than 10 hours,50–69%,Yes,10–15 hours,Financial support for family,No impact,Delivery / Driver,Poor,Low,8–9 hours,Sometimes,High,Stable internet connection,1–2 hours,0,3,3,2.5,12.5,60
"Yes, I agree",21-23,Prefer not to say,Wayamba University,IT / Computer Science,Year 4,"LKR 50,000 – 100,000",2.50 – 2.99,Much below average,1–3 courses,4–5 assignments,Often,Very light,Sometimes (50–74%),6–10 hours,1–3 days before,5–10 hours,16–20 hours,50–69%,Yes,10–15 hours,Financial support for studies;Personal expenses;Work experience,Very negative impact,Freelance / Online work,Excellent,Low,Less than 4 hours,Never,High,Stable internet connection;Personal laptop / computer;Required textbooks,1–2 hours,0,1,3,7.5,12.5,60
"Yes, I agree",24-26,Male,University of Ruhuna,Medicine / Health Sciences,Year 3,"LKR 200,001 – 300,000",2.50 – 2.99,About average,6–7 courses,2–3 assignments,Rarely,Light,Sometimes (50–74%),2–5 hours,7–14 days before,Less than 5 hours,10–15 hours,70–79%,Yes,21–30 hours,Financial support for studies,No impact,Delivery / Driver,Excellent,High,4–5 hours,Sometimes,Moderate,Quiet study space,30–60 minutes,0,2,2,2.5,25.5,75
"Yes, I agree",21-23,Female,University of Ruhuna,Medicine / Health Sciences,Year 2,"LKR 100,001 – 200,000",2.50 – 2.99,Slightly below average,4–5 courses,4–5 assignments,Never,Very light,Sometimes (50–74%),11–15 hours,4–6 days before,16–20 hours,16–20 hours,70–79%,Yes,10–15 hours,Personal expenses,No impact,Freelance / Online work,Average,Low,8–9 hours,Sometimes,High,Quiet study space,30–60 minutes,0,1,3,18.0,12.5,75
"Yes, I agree",27+,Male,University of Colombo,Education,Year 2,"LKR 50,000 – 100,000",Below 2.00,Much better than average,1–3 courses,0–1 assignments,Never,Very light,Almost never (below 25%),2–5 hours,More than 14 days before,5–10 hours,Less than 10 hours,70–79%,Yes,10–15 hours,Financial support for studies;Financial support for family;Personal expenses,Very negative impact,Delivery / Driver,Average,High,6–7 hours,Often,Low,Stable internet connection;Personal laptop / computer;Quiet study space,Less than 30 minutes,0,1,1,7.5,12.5,75
"Yes, I agree",21-23,Female,Horizon Campus,IT / Computer Science,Year 1,"LKR 100,001 – 200,000",2.50 – 2.99,Much better than average,6–7 courses,4–5 assignments,Sometimes,Moderate,Most of the time (75–99%),2–5 hours,7–14 days before,11–15 hours,16–20 hours,70–79%,No,16–20 hours,Financial support for family;Work experience,No impact,Freelance / Online work,Good,Moderate,8–9 hours,Often,Moderate,Stable internet connection;Quiet study space,30–60 minutes,0,3,3,13.0,0.0,75
"Yes, I agree",21-23,Male,University of Kelaniya,Science,Year 1,"LKR 100,001 – 200,000",2.00 – 2.49,About average,8 or more courses,4–5 assignments,Sometimes,Moderate,Sometimes (50–74%),2–5 hours,7–14 days before,11–15 hours,16–20 hours,70–79%,Yes,10–15 hours,Financial support for studies,Very negative impact,Tutoring / Teaching,Excellent,High,4–5 hours,Never,Very high,Personal laptop / computer,30–60 minutes,0,3,3,13.0,12.5,75
"Yes, I agree",21-23,Male,Wayamba University,Arts / Humanities,Year 3,"LKR 200,001 – 300,000",2.50 – 2.99,About average,1–3 courses,2–3 assignments,Rarely,Light,Most of the time (75–99%),6–10 hours,4–6 days before,5–10 hours,Less than 10 hours,Below 50%,Yes,16–20 hours,Personal expenses,Slightly positive impact,Delivery / Driver,Average,Moderate,6–7 hours,Sometimes,Moderate,Stable internet connection,30–60 minutes,0,2,2,7.5,18.0,25
"Yes, I agree",24-26,Male,University of Kelaniya,Science,Year 2,"Below LKR 50,000",2.50 – 2.99,Slightly below average,4–5 courses,4–5 assignments,Sometimes,Very light,Most of the time (75–99%),2–5 hours,7–14 days before,11–15 hours,10–15 hours,50–69%,Yes,21–30 hours,Personal expenses,Slightly positive impact,Office / Clerical work,Good,Moderate,4–5 hours,Sometimes,High,Personal laptop / computer,30–60 minutes,0,1,3,13.0,25.5,60
"Yes, I agree",21-23,Female,University of Kelaniya,Medicine / Health Sciences,Year 1,"LKR 50,000 – 100,000",2.00 – 2.49,Slightly better than average,4–5 courses,2–3 assignments,Sometimes,Light,Sometimes (50–74%),6–10 hours,7–14 days before,11–15 hours,10–15 hours,50–69%,Yes,16–20 hours,Personal expenses,Slightly negative impact,Shop / Restaurant / Retail,Excellent,High,6–7 hours,Never,Moderate,Personal laptop / computer,Less than 30 minutes,0,2,2,13.0,18.0,60
"Yes, I agree",18-20,Male,University of Jaffna,IT / Computer Science,Year 1,"Below LKR 50,000",Below 2.00,Slightly below average,4–5 courses,6 or more assignments,Sometimes,Very light,Always (100%),Less than 2 hours,More than 14 days before,11–15 hours,10–15 hours,50–69%,Yes,10–15 hours,Financial support for studies;Financial support for family;Personal expenses,Very negative impact,Shop / Restaurant / Retail,Excellent,Moderate,Less than 4 hours,Rarely,High,Stable internet connection;Personal laptop / computer;Quiet study space;Required textbooks,30–60 minutes,0,1,4,13.0,12.5,60
"Yes, I agree",21-23,Male,University of Jaffna,Engineering,Year 1,"LKR 50,000 – 100,000",2.00 – 2.49,About average,8 or more courses,2–3 assignments,Rarely,Light,Sometimes (50–74%),6–10 hours,4–6 days before,5–10 hours,16–20 hours,70–79%,Yes,16–20 hours,Financial support for studies,Very negative impact,Tutoring / Teaching,Good,Very high,6–7 hours,Rarely,Moderate,Quiet study space,1–2 hours,0,2,2,7.5,18.0,75
"Yes, I agree",21-23,Male,Open University of Sri Lanka,Engineering,Year 1,"LKR 100,001 – 200,000",2.50 – 2.99,Slightly better than average,4–5 courses,2–3 assignments,Sometimes,Very light,Sometimes (50–74%),Less than 2 hours,1–3 days before,5–10 hours,10–15 hours,50–69%,Yes,Less than 10 hours,Financial support for family,Slightly positive impact,Office / Clerical work,Average,High,6–7 hours,Sometimes,High,Quiet study space,30–60 minutes,0,1,2,7.5,5.0,60
"Yes, I agree",21-23,Male,Sabaragamuwa University,Arts / Humanities,Year 3,"Below LKR 50,000",2.00 – 2.49,Much better than average,4–5 courses,2–3 assignments,Rarely,Light,Most of the time (75–99%),11–15 hours,7–14 days before,16–20 hours,10–15 hours,Below 50%,Yes,21–30 hours,Personal expenses,Very positive impact,Delivery / Driver,Good,Low,6–7 hours,Sometimes,Very high,Personal laptop / computer,1–2 hours,0,2,2,18.0,25.5,25
"Yes, I agree",24-26,Male,Horizon Campus,IT / Computer Science,Year 2,"LKR 50,000 – 100,000",2.00 – 2.49,About average,6–7 courses,4–5 assignments,Sometimes,Heavy,Sometimes (50–74%),2–5 hours,More than 14 days before,5–10 hours,10–15 hours,70–79%,No,21–30 hours,Financial support for family;Personal expenses,Very negative impact,Freelance / Online work,Average,Low,6–7 hours,Often,High,Personal laptop / computer;Required textbooks,30–60 minutes,0,4,3,7.5,0.0,75
"Yes, I agree",18-20,Female,University of Colombo,Engineering,Year 2,"LKR 100,001 – 200,000",2.50 – 2.99,Slightly better than average,4–5 courses,2–3 assignments,Rarely,Very light,Most of the time (75–99%),6–10 hours,4–6 days before,11–15 hours,10–15 hours,50–69%,Yes,10–15 hours,Personal expenses,No impact,Delivery / Driver,Good,Low,8–9 hours,Never,Moderate,Stable internet connection,1–2 hours,0,1,2,13.0,12.5,60
"Yes, I agree",27+,Female,University of Colombo,Medicine / Health Sciences,Year 1,"LKR 50,000 – 100,000",2.00 – 2.49,Much better than average,4–5 courses,6 or more assignments,Rarely,Very light,Always (100%),6–10 hours,1–3 days before,5–10 hours,16–20 hours,80–89%,Yes,16–20 hours,Financial support for studies;Financial support for family;Other,Very positive impact,Delivery / Driver,Good,High,4–5 hours,Rarely,Very high,Stable internet connection;Quiet study space;Required textbooks,Less than 30 minutes,0,1,4,7.5,18.0,85
"Yes, I agree",21-23,Male,Horizon Campus,Business / Management,Year 4,"LKR 100,001 – 200,000",2.00 – 2.49,About average,6–7 courses,2–3 assignments,Sometimes,Light,Sometimes (50–74%),11–15 hours,4–6 days before,Less than 5 hours,16–20 hours,70–79%,No,Not applicable (I do not have a job),Not applicable (I do not have a job),Not applicable (I do not have a job),Not applicable(I do not have a job),Average,Moderate,6–7 hours,Sometimes,Moderate,Stable internet connection;Quiet study space,Less than 30 minutes,0,2,2,2.5,0.0,75
"Yes, I agree",18-20,Male,Sabaragamuwa University,Engineering,Year 1,"Below LKR 50,000",3.00 – 3.49,About average,4–5 courses,2–3 assignments,Sometimes,Light,Most of the time (75–99%),2–5 hours,4–6 days before,5–10 hours,10–15 hours,Below 50%,Yes,16–20 hours,Personal expenses,Slightly negative impact,Freelance / Online work,Excellent,High,4–5 hours,Rarely,High,Personal laptop / computer,30–60 minutes,1,2,2,7.5,18.0,25
"Yes, I agree",18-20,Male,University of Ruhuna,Arts / Humanities,Year 1,"LKR 100,001 – 200,000",2.00 – 2.49,Slightly better than average,4–5 courses,0–1 assignments,Sometimes,Moderate,Most of the time (75–99%),Less than 2 hours,7–14 days before,5–10 hours,16–20 hours,Below 50%,Yes,16–20 hours,Work experience,Very negative impact,Tutoring / Teaching,Average,High,8–9 hours,Sometimes,Moderate,Personal laptop / computer,30–60 minutes,0,3,1,7.5,18.0,25
"Yes, I agree",21-23,Male,Sabaragamuwa University,Medicine / Health Sciences,Year 2,"Above LKR 300,000",2.50 – 2.99,Slightly better than average,4–5 courses,2–3 assignments,Rarely,Moderate,Always (100%),Less than 2 hours,1–3 days before,16–20 hours,16–20 hours,50–69%,Yes,16–20 hours,Work experience,Slightly positive impact,Shop / Restaurant / Retail,Average,Very high,6–7 hours,Sometimes,Low,Stable internet connection,More than 2 hours,0,3,2,18.0,18.0,60
"Yes, I agree",18-20,Male,Horizon Campus,Business / Management,Year 2,"Below LKR 50,000",2.00 – 2.49,About average,4–5 courses,4–5 assignments,Often,Moderate,Sometimes (50–74%),2–5 hours,4–6 days before,5–10 hours,Less than 10 hours,50–69%,No,Not applicable (I do not have a job),Not applicable (I do not have a job),Not applicable (I do not have a job),Not applicable(I do not have a job),Poor,Moderate,6–7 hours,Rarely,Very high,Personal laptop / computer;Quiet study space,Less than 30 minutes,0,3,3,7.5,0.0,60
"Yes, I agree",18-20,Male,Sabaragamuwa University,Engineering,Year 1,"LKR 100,001 – 200,000",2.50 – 2.99,About average,6–7 courses,2–3 assignments,Sometimes,Very light,Almost never (below 25%),6–10 hours,More than 14 days before,5–10 hours,10–15 hours,Below 50%,Yes,Less than 10 hours,Financial support for studies;Financial support for family;Personal expenses;Work experience,Slightly positive impact,Freelance / Online work,Average,Moderate,6–7 hours,Sometimes,Moderate,Personal laptop / computer;Quiet study space;Required textbooks,More than 2 hours,0,1,2,7.5,5.0,25
"Yes, I agree",18-20,Female,University of Jaffna,IT / Computer Science,Year 3,"Below LKR 50,000",2.00 – 2.49,Much better than average,4–5 courses,4–5 assignments,Often,Light,Most of the time (75–99%),11–15 hours,4–6 days before,5–10 hours,Less than 10 hours,70–79%,Yes,10–15 hours,Personal expenses,No impact,Freelance / Online work,Excellent,Very high,6–7 hours,Rarely,Very high,Personal laptop / computer,Less than 30 minutes,0,2,3,7.5,12.5,75
"Yes, I agree",21-23,Female,Horizon Campus,IT / Computer Science,Year 4,"LKR 100,001 – 200,000",3.00 – 3.49,Slightly better than average,4–5 courses,4–5 assignments,Always,Light,Most of the time (75–99%),6–10 hours,7–14 days before,5–10 hours,16–20 hours,50–69%,No,Not applicable (I do not have a job),Not applicable (I do not have a job),Not applicable (I do not have a job),Not applicable(I do not have a job),Poor,High,6–7 hours,Rarely,High,Stable internet connection;Personal laptop / computer,30–60 minutes,1,2,3,7.5,0.0,60
"Yes, I agree",21-23,Male,University of Ruhuna,Business / Management,Year 2,"LKR 200,001 – 300,000",Below 2.00,Slightly better than average,4–5 courses,4–5 assignments,Often,Moderate,Sometimes (50–74%),11–15 hours,4–6 days before,5–10 hours,16–20 hours,50–69%,Yes,Less than 10 hours,Financial support for family,No impact,Delivery / Driver,Poor,High,Less than 4 hours,Rarely,Low,Quiet study space,1–2 hours,0,3,3,7.5,5.0,60
"Yes, I agree",27+,Male,Horizon Campus,Business / Management,Year 3,"LKR 100,001 – 200,000",Below 2.00,Slightly better than average,6–7 courses,2–3 assignments,Rarely,Very light,Always (100%),6–10 hours,7–14 days before,11–15 hours,21–25 hours,50–69%,No,Not applicable (I do not have a job),Not applicable (I do not have a job),Not applicable (I do not have a job),Not applicable(I do not have a job),Good,High,6–7 hours,Sometimes,High,Personal laptop / computer,Less than 30 minutes,0,1,2,13.0,0.0,60
"Yes, I agree",18-20,Male,Rajarata University,IT / Computer Science,Year 2,"LKR 100,001 – 200,000",2.00 – 2.49,About average,6–7 courses,4–5 assignments,Sometimes,Light,Rarely (25–49%),2–5 hours,1–3 days before,11–15 hours,16–20 hours,50–69%,Yes,10–15 hours,Personal expenses,No impact,Delivery / Driver,Poor,Low,6–7 hours,Rarely,High,Personal laptop / computer,30–60 minutes,0,2,3,13.0,12.5,60
"Yes, I agree",21-23,Female,University of Sri Jayewardenepura,IT / Computer Science,Year 2,"LKR 50,000 – 100,000",2.50 – 2.99,About average,4–5 courses,4–5 assignments,Often,Light,Sometimes (50–74%),2–5 hours,4–6 days before,16–20 hours,16–20 hours,Below 50%,Yes,10–15 hours,Financial support for studies;Work experience,No impact,Shop / Restaurant / Retail,Excellent,High,8–9 hours,Sometimes,Moderate,Stable internet connection;Personal laptop / computer;Quiet study space;Required textbooks,30–60 minutes,0,2,3,18.0,12.5,25
"Yes, I agree",21-23,Male,University of Kelaniya,Business / Management,Year 2,"LKR 50,000 – 100,000",2.00 – 2.49,Slightly better than average,4–5 courses,2–3 assignments,Rarely,Very light,Sometimes (50–74%),6–10 hours,More than 14 days before,11–15 hours,10–15 hours,70–79%,Yes,16–20 hours,Personal expenses,No impact,Delivery / Driver,Good,High,6–7 hours,Never,High,Quiet study space,30–60 minutes,0,1,2,13.0,18.0,75
"Yes, I agree",18-20,Prefer not to say,University of Jaffna,Engineering,Year 1,"LKR 50,000 – 100,000",2.00 – 2.49,Slightly better than average,4–5 courses,2–3 assignments,Sometimes,Light,Most of the time (75–99%),2–5 hours,More than 14 days before,11–15 hours,16–20 hours,Below 50%,Yes,10–15 hours,Personal expenses,No impact,Shop / Restaurant / Retail,Average,Moderate,6–7 hours,Often,Low,Personal laptop / computer,1–2 hours,0,2,2,13.0,12.5,25
"Yes, I agree",24-26,Male,Horizon Campus,Medicine / Health Sciences,Year 2,"LKR 100,001 – 200,000",Below 2.00,About average,6–7 courses,6 or more assignments,Often,Moderate,Sometimes (50–74%),6–10 hours,4–6 days before,5–10 hours,16–20 hours,70–79%,No,Not applicable (I do not have a job),Not applicable (I do not have a job),Not applicable (I do not have a job),Not applicable(I do not have a job),Average,High,6–7 hours,Rarely,Low,Personal laptop / computer,Less than 30 minutes,0,3,4,7.5,0.0,75
"Yes, I agree",21-23,Female,University of Kelaniya,Arts / Humanities,Year 2,"LKR 200,001 – 300,000",2.00 – 2.49,About average,8 or more courses,2–3 assignments,Sometimes,Very light,Most of the time (75–99%),Less than 2 hours,7–14 days before,5–10 hours,10–15 hours,80–89%,Yes,Less than 10 hours,Personal expenses,Very negative impact,Freelance / Online work,Excellent,High,Less than 4 hours,Rarely,High,Personal laptop / computer,30–60 minutes,0,1,2,7.5,5.0,85
"Yes, I agree",21-23,Female,Wayamba University,Arts / Humanities,Year 2,"LKR 200,001 – 300,000",2.50 – 2.99,Slightly better than average,4–5 courses,4–5 assignments,Sometimes,Light,Sometimes (50–74%),6–10 hours,4–6 days before,16–20 hours,Less than 10 hours,50–69%,Yes,10–15 hours,Personal expenses,Slightly negative impact,Tutoring / Teaching,Average,High,4–5 hours,Sometimes,High,Personal laptop / computer,30–60 minutes,0,2,3,18.0,12.5,60
"Yes, I agree",21-23,Female,University of Kelaniya,Medicine / Health Sciences,Year 2,"LKR 50,000 – 100,000",2.00 – 2.49,About average,1–3 courses,0–1 assignments,Often,Moderate,Rarely (25–49%),6–10 hours,4–6 days before,11–15 hours,16–20 hours,50–69%,Yes,Less than 10 hours,Work experience,Slightly negative impact,Shop / Restaurant / Retail,Average,Low,6–7 hours,Often,Very high,Personal laptop / computer,30–60 minutes,0,3,1,13.0,5.0,60
"Yes, I agree",27+,Female,Horizon Campus,IT / Computer Science,Year 1,"LKR 200,001 – 300,000",2.50 – 2.99,Slightly better than average,6–7 courses,2–3 assignments,Sometimes,Light,Sometimes (50–74%),2–5 hours,4–6 days before,11–15 hours,10–15 hours,70–79%,No,Not applicable (I do not have a job),Not applicable (I do not have a job),Not applicable (I do not have a job),Not applicable(I do not have a job),Average,Low,6–7 hours,Sometimes,High,Stable internet connection;Personal laptop / computer,30–60 minutes,0,2,2,13.0,0.0,75
"Yes, I agree",24-26,Female,University of Kelaniya,IT / Computer Science,Year 2,"Below LKR 50,000",2.00 – 2.49,Slightly better than average,8 or more courses,4–5 assignments,Sometimes,Very light,Always (100%),2–5 hours,4–6 days before,11–15 hours,21–25 hours,50–69%,Yes,Less than 10 hours,Financial support for studies;Financial support for family;Personal expenses,Very negative impact,Shop / Restaurant / Retail,Excellent,High,4–5 hours,Sometimes,Moderate,Stable internet connection;Personal laptop / computer;Quiet study space,30–60 minutes,0,1,3,13.0,5.0,60
"Yes, I agree",21-23,Prefer not to say,Sabaragamuwa University,Medicine / Health Sciences,Year 2,"LKR 100,001 – 200,000",3.00 – 3.49,Slightly below average,8 or more courses,6 or more assignments,Rarely,Very light,Sometimes (50–74%),6–10 hours,4–6 days before,Less than 5 hours,10–15 hours,70–79%,Yes,21–30 hours,Financial support for family,Slightly negative impact,Freelance / Online work,Average,Moderate,Less than 4 hours,Rarely,High,Personal laptop / computer,Less than 30 minutes,1,1,4,2.5,25.5,75
"Yes, I agree",18-20,Male,Sabaragamuwa University,Arts / Humanities,Year 2,"LKR 100,001 – 200,000",2.00 – 2.49,Slightly better than average,4–5 courses,4–5 assignments,Sometimes,Moderate,Sometimes (50–74%),6–10 hours,7–14 days before,Less than 5 hours,10–15 hours,50–69%,Yes,10–15 hours,Financial support for family,No impact,Freelance / Online work,Excellent,High,6–7 hours,Sometimes,Moderate,Personal laptop / computer,1–2 hours,0,3,3,2.5,12.5,60
"Yes, I agree",24-26,Female,University of Sri Jayewardenepura,IT / Computer Science,Year 1,"LKR 50,000 – 100,000",2.00 – 2.49,Much better than average,1–3 courses,4–5 assignments,Rarely,Very light,Always (100%),11–15 hours,4–6 days before,5–10 hours,16–20 hours,70–79%,Yes,10–15 hours,Personal expenses,No impact,Delivery / Driver,Average,High,6–7 hours,Sometimes,Moderate,Required textbooks,30–60 minutes,0,1,3,7.5,12.5,75
"Yes, I agree",21-23,Female,Wayamba University,Medicine / Health Sciences,Year 2,"LKR 100,001 – 200,000",3.00 – 3.49,About average,4–5 courses,4–5 assignments,Never,Light,Always (100%),11–15 hours,7–14 days before,11–15 hours,16–20 hours,50–69%,Yes,21–30 hours,Work experience,Very positive impact,Delivery / Driver,Average,Moderate,8–9 hours,Rarely,High,Quiet study space,Less than 30 minutes,1,2,3,13.0,25.5,60
"Yes, I agree",27+,Female,Horizon Campus,Law,Year 4,"LKR 100,001 – 200,000",2.00 – 2.49,Slightly better than average,4–5 courses,6 or more assignments,Never,Light,Sometimes (50–74%),11–15 hours,1–3 days before,5–10 hours,16–20 hours,70–79%,No,Not applicable (I do not have a job),Not applicable (I do not have a job),Not applicable (I do not have a job),Not applicable(I do not have a job),Poor,Low,4–5 hours,Never,High,Stable internet connection;Quiet study space,30–60 minutes,0,2,4,7.5,0.0,75
"Yes, I agree",18-20,Male,Wayamba University,Arts / Humanities,Year 1,"LKR 50,000 – 100,000",Below 2.00,Slightly better than average,4–5 courses,4–5 assignments,Sometimes,Light,Most of the time (75–99%),2–5 hours,7–14 days before,11–15 hours,16–20 hours,70–79%,Yes,10–15 hours,Financial support for studies,Very negative impact,Freelance / Online work,Good,High,6–7 hours,Sometimes,High,Personal laptop / computer,Less than 30 minutes,0,2,3,13.0,12.5,75
"Yes, I agree",24-26,Female,Horizon Campus,IT / Computer Science,Year 1,"LKR 100,001 – 200,000",2.00 – 2.49,Slightly below average,6–7 courses,2–3 assignments,Rarely,Light,Sometimes (50–74%),2–5 hours,7–14 days before,5–10 hours,16–20 hours,70–79%,No,Not applicable (I do not have a job),Not applicable (I do not have a job),Not applicable (I do not have a job),Not applicable(I do not have a job),Good,Moderate,6–7 hours,Often,High,Stable internet connection;Personal laptop / computer,30–60 minutes,0,2,2,7.5,0.0,75
"Yes, I agree",21-23,Female,University of Kelaniya,Engineering,Year 2,"LKR 100,001 – 200,000",2.50 – 2.99,Slightly below average,6–7 courses,2–3 assignments,Rarely,Moderate,Sometimes (50–74%),11–15 hours,4–6 days before,16–20 hours,10–15 hours,50–69%,Yes,16–20 hours,Financial support for family;Personal expenses;Work experience;Other,Slightly negative impact,Shop / Restaurant / Retail,Good,Moderate,6–7 hours,Sometimes,Moderate,Stable internet connection;Personal laptop / computer;Required textbooks,30–60 minutes,0,3,2,18.0,18.0,60
"Yes, I agree",18-20,Male,Sabaragamuwa University,Business / Management,Year 1,"Below LKR 50,000",Below 2.00,About average,6–7 courses,2–3 assignments,Rarely,Very light,Always (100%),6–10 hours,1–3 days before,5–10 hours,Less than 10 hours,70–79%,Yes,10–15 hours,Personal expenses,No impact,Shop / Restaurant / Retail,Average,Moderate,6–7 hours,Sometimes,High,Quiet study space,Less than 30 minutes,0,1,2,7.5,12.5,75
"Yes, I agree",21-23,Female,University of Jaffna,IT / Computer Science,Year 2,"LKR 50,000 – 100,000",2.00 – 2.49,Slightly better than average,4–5 courses,4–5 assignments,Sometimes,Moderate,Most of the time (75–99%),11–15 hours,4–6 days before,11–15 hours,10–15 hours,Below 50%,Yes,16–20 hours,Personal expenses,Slightly positive impact,Delivery / Driver,Good,Moderate,6–7 hours,Sometimes,High,Required textbooks,30–60 minutes,0,3,3,13.0,18.0,25
"Yes, I agree",18-20,Female,Horizon Campus,Business / Management,Year 1,"LKR 200,001 – 300,000",3.00 – 3.49,About average,1–3 courses,0–1 assignments,Rarely,Moderate,Always (100%),6–10 hours,On the day of the exam,11–15 hours,10–15 hours,Below 50%,No,Not applicable (I do not have a job),Not applicable (I do not have a job),Not applicable (I do not have a job),Not applicable(I do not have a job),Good,Moderate,More than 9 hours,Rarely,High,Stable internet connection;Quiet study space,30–60 minutes,1,3,1,13.0,0.0,25
"Yes, I agree",18-20,Male,Sabaragamuwa University,Medicine / Health Sciences,Year 1,"LKR 50,000 – 100,000",2.00 – 2.49,About average,4–5 courses,2–3 assignments,Sometimes,Very light,Most of the time (75–99%),2–5 hours,7–14 days before,16–20 hours,10–15 hours,70–79%,Yes,16–20 hours,Personal expenses,Very negative impact,Delivery / Driver,Average,High,6–7 hours,Sometimes,Moderate,Quiet study space,1–2 hours,0,1,2,18.0,18.0,75
"Yes, I agree",18-20,Female,University of Peradeniya,Science,Year 2,"LKR 200,001 – 300,000",2.50 – 2.99,Slightly below average,4–5 courses,2–3 assignments,Often,Moderate,Rarely (25–49%),11–15 hours,4–6 days before,11–15 hours,10–15 hours,Below 50%,Yes,21–30 hours,Work experience,Slightly positive impact,Shop / Restaurant / Retail,Good,Moderate,8–9 hours,Sometimes,High,Quiet study space,More than 2 hours,0,3,2,13.0,25.5,25
"Yes, I agree",21-23,Prefer not to say,University of Jaffna,Engineering,Year 2,"LKR 50,000 – 100,000",2.00 – 2.49,Slightly below average,8 or more courses,4–5 assignments,Sometimes,Moderate,Sometimes (50–74%),2–5 hours,7–14 days before,11–15 hours,16–20 hours,80–89%,Yes,21–30 hours,Work experience,No impact,Delivery / Driver,Average,High,4–5 hours,Sometimes,Moderate,Quiet study space,More than 2 hours,0,3,3,13.0,25.5,85
"Yes, I agree",21-23,Female,University of Sri Jayewardenepura,Engineering,Year 2,"LKR 100,001 – 200,000",3.00 – 3.49,About average,8 or more courses,4–5 assignments,Sometimes,Light,Most of the time (75–99%),11–15 hours,1–3 days before,11–15 hours,10–15 hours,70–79%,Yes,21–30 hours,Financial support for studies;Personal expenses;Other,No impact,Shop / Restaurant / Retail,Good,High,6–7 hours,Rarely,High,Personal laptop / computer;Quiet study space,30–60 minutes,1,2,3,13.0,25.5,75
"Yes, I agree",24-26,Female,University of Jaffna,Medicine / Health Sciences,Year 3,"LKR 100,001 – 200,000",2.00 – 2.49,About average,1–3 courses,2–3 assignments,Rarely,Very light,Most of the time (75–99%),11–15 hours,4–6 days before,16–20 hours,16–20 hours,Below 50%,Yes,21–30 hours,Personal expenses,Slightly positive impact,Freelance / Online work,Good,High,8–9 hours,Rarely,Low,Stable internet connection,30–60 minutes,0,1,2,18.0,25.5,25
"Yes, I agree",21-23,Male,Rajarata University,Arts / Humanities,Year 2,"LKR 200,001 – 300,000",2.50 – 2.99,Slightly below average,6–7 courses,0–1 assignments,Rarely,Light,Sometimes (50–74%),2–5 hours,7–14 days before,5–10 hours,10–15 hours,50–69%,Yes,10–15 hours,Personal expenses,Slightly negative impact,Delivery / Driver,Average,Moderate,6–7 hours,Sometimes,Moderate,Personal laptop / computer,1–2 hours,0,2,1,7.5,12.5,60
"Yes, I agree",24-26,Male,University of Peradeniya,Engineering,Year 4,"LKR 50,000 – 100,000",3.00 – 3.49,About average,6–7 courses,2–3 assignments,Sometimes,Moderate,Sometimes (50–74%),6–10 hours,4–6 days before,11–15 hours,16–20 hours,70–79%,No,Not applicable (I do not have a job),Not applicable (I do not have a job),Not applicable (I do not have a job),Not applicable(I do not have a job),Average,Moderate,6–7 hours,Sometimes,Moderate,Stable internet connection;Personal laptop / computer;Quiet study space;Required textbooks,More than 2 hours,1,3,2,13.0,0.0,75
"Yes, I agree",24-26,Male,University of Peradeniya,Engineering,Year 4,"LKR 50,000 – 100,000",2.50 – 2.99,About average,4–5 courses,2–3 assignments,Sometimes,Moderate,Sometimes (50–74%),6–10 hours,4–6 days before,11–15 hours,16–20 hours,70–79%,No,Not applicable (I do not have a job),Not applicable (I do not have a job),Not applicable (I do not have a job),Not applicable(I do not have a job),Average,Moderate,6–7 hours,Sometimes,Moderate,Stable internet connection;Personal laptop / computer;Quiet study space;Required textbooks,More than 2 hours,0,3,2,13.0,0.0,75
"Yes, I agree",24-26,Male,University of Peradeniya,Engineering,Year 4,"LKR 50,000 – 100,000",3.00 – 3.49,About average,6–7 courses,2–3 assignments,Sometimes,Moderate,Most of the time (75–99%),6–10 hours,7–14 days before,11–15 hours,21–25 hours,80–89%,Yes,Less than 10 hours,Financial support for studies;Personal expenses;Work experience,Slightly negative impact,Freelance / Online work,Average,Moderate,6–7 hours,Sometimes,Moderate,Stable internet connection;Personal laptop / computer;Quiet study space;Required textbooks,More than 2 hours,1,3,2,13.0,5.0,85
"Yes, I agree",18-20,Female,Horizon Campus,Business / Management,Year 2,"LKR 50,000 – 100,000",2.50 – 2.99,Slightly better than average,6–7 courses,2–3 assignments,Sometimes,Moderate,Most of the time (75–99%),2–5 hours,1–3 days before,5–10 hours,10–15 hours,80–89%,No,Not applicable (I do not have a job),Not applicable (I do not have a job),Not applicable (I do not have a job),Not applicable(I do not have a job),Good,High,6–7 hours,Rarely,High,Stable internet connection;Personal laptop / computer,1–2 hours,0,3,2,7.5,0.0,85
